client_id,default_probability
CC_0012A082B7B7,0.2220436424032592
CC_0012BC27DFB6,0.15763071870141313
CC_001563B2143D,0.16619887074689815
CC_001B46930B6F,0.11797291631281621
CC_001D771E1C9F,0.08727986503722084
CC_0028BD91E759,0.018269733462403792
CC_0029971D7EF4,0.1743653664307948
CC_002B8C00B239,0.020406280488686174
CC_0035DFA86185,0.7103099054769456
CC_0042D11A6D0F,0.1063886309526352
CC_004D21A4ABB6,0.13310825262842618
CC_004EE05FC2EF,0.6088841557045401
CC_0050E546EDCE,0.7191599318404404
CC_005D7F31F785,0.09794214118173668
CC_0079996ED779,0.1452732073609651
CC_0082B4E1D9CE,0.0
CC_00B01C73CEB8,0.13229615625076133
CC_00B74FFEEA53,0.13583069041496246
CC_00BF6791C18C,0.12073107691755396
CC_00C5E30B288C,0.32069180008648807
CC_00C68CE1CC12,0.3028182611305954
CC_00CC4148959F,0.1380877786768334
CC_00D428772D30,0.3982853123442268
CC_00D5806C7783,0.12659202109237988
CC_00D5C677C2AE,0.38412575459320714
CC_00DA781C4D66,0.12145966662349245
CC_00E7E2D6B548,0.2890304233126497
CC_012BC0A68DC1,0.09799846642697269
CC_014911033882,0.1679153848437896
CC_014F7EF4E595,0.6555270340645902
CC_016501B25F2B,0.09252788652972378
CC_016767D9B049,0.05682107154458946
CC_017598512EA2,0.13574961717475847
CC_01941532C804,0.11368949186287594
CC_01A66C6E22FF,0.7175532659855123
CC_01A684355200,0.11685778433835975
CC_01AC62740827,0.12933901173550671
CC_01B0EFE5DB79,0.2437908993964421
CC_01B876B2988F,0.1867815913791397
CC_01CBB64C1DB1,0.35847236002550176
CC_01DBD993A1FC,0.15233628463332136
CC_01DC49D55C2D,0.043195813870300276
CC_01EF18A3ADBC,0.31309413898447835
CC_020252D37557,0.14669244007718435
CC_020BCDBCA8CA,0.3374202510087927
CC_021A6DD97ED4,0.14818747127968457
CC_022054506F33,0.10132373091960356
CC_0225D6231EAA,0.056620678333505814
CC_024B524B0176,0.029589846703359235
CC_0256303A6DC0,0.14317270409301813
CC_02589E6E4714,0.09273148475323245
CC_025927626E10,0.7160073683070606
CC_0283023DB294,0.0
CC_02903C6FC0C0,0.22645413733308062
CC_0296E572CF21,0.0
CC_02999E509460,0.6703713280487795
CC_029E835D91BB,0.08875924060202177
CC_02A32EC3526B,0.15791496576342895
CC_02A393632CD3,0.13760771078905323
CC_02A3E21B28BC,0.7462561773027283
CC_02A4B4644529,0.09449878643901918
CC_02B43865B30E,0.11263331639302074
CC_02B5A1A178A2,0.2165045573831188
CC_02BC4785773C,0.1119428850582665
CC_02BEDD9627DD,0.7707905918944045
CC_02CD2C1EFBB0,0.11482886464613525
CC_02D4430492D3,0.30491337655185957
CC_02F79A06858B,0.1538157151069145
CC_02FA254C9D43,0.07017334100147957
CC_03062402B4EE,0.10336189793973255
CC_03072CF2EC63,0.3203934540575387
CC_0315369B079D,0.13467744886472607
CC_03199242A810,0.15053220975256637
CC_03214BA76DB4,0.1695682973407472
CC_032735A44CC6,0.07593155099063639
CC_0330340F2FE5,0.15035543840531732
CC_033236FAAFDB,0.15500663286900077
CC_0337298F948C,0.03179044473317502
CC_0341CAE5E2E8,0.30545532558798205
CC_03434E2371CD,0.3535027586983955
CC_03547AAB948A,0.14495367365607525
CC_0354D0453D8E,0.1435750814865609
CC_03592E51F427,0.709131487146294
CC_0365DEB525A3,0.08274392933117021
CC_036782052BC9,0.2772618348441274
CC_036977A50F1A,0.0890558156910951
CC_03720D08B8C2,0.17892026067563094
CC_038AE599BCA8,0.3374401228230908
CC_039E67CDFE1E,0.3797291449144038
CC_03AC962FC717,0.2439632969563467
CC_03B00DFA3A85,0.8007494447483084
CC_03BC6380E968,0.373159925626931
CC_03BC730E0B02,0.0
CC_03BD4F22DA3D,0.10598763386261012
CC_03C7E1EF6F69,0.8320632012729279
CC_03C9FA383477,0.12135896744475402
CC_03D1AAE90CA6,0.09328309355548597
CC_03DBB9598F39,0.1408750761800105
CC_03F18B43797C,0.1232929928548564
CC_03F80118E46D,0.0004996780568326531
CC_0405E0151A6D,0.15718995216963683
CC_041FEE6C805E,0.37986972645682837
CC_042F88EE269B,0.20474691175019155
CC_043D98ED7F98,0.15043466876146355
CC_044C3537B769,0.1488951326591001
CC_045932C46685,0.14140800920283964
CC_04629624AA8D,0.21808922252361443
CC_04690B4A6AF1,0.13664246405983443
CC_046CF40369FB,0.13642477246443485
CC_046D6EC816AB,0.32369442061461945
CC_0475CD95EDC9,0.22536382530175542
CC_04796F06B82B,0.11452244378670816
CC_04AC7C1CE736,0.3604148144808972
CC_04AEDD051B96,0.3433325018762605
CC_04B42AD0E01A,0.28012957333956684
CC_04BBD1DB360C,0.17607743616096955
CC_04C767FFDA0F,0.39928936938069515
CC_04C7B819B9B9,0.09687665773408283
CC_04D127A775DE,0.1292844430747039
CC_04D9ED00053F,0.13541153758879332
CC_04E0EFC4F548,0.22471879112885684
CC_04E6848903E8,0.08192788098148636
CC_04F69D03ECE1,0.17132802109960837
CC_04FA1CFA1DEB,0.25362272477764236
CC_04FA6842AC62,0.06276393696828853
CC_0502F3791166,0.2019604218672588
CC_050B514E15FD,0.1417796627587597
CC_051ADBD6D835,0.12606689599611437
CC_051B4644216C,0.19754751708656726
CC_051C0A644DD3,0.06607425066980213
CC_051CBF566856,0.13586452539044502
CC_051EEA9AE819,0.12373783097636942
CC_0520E27BE904,0.21001885490657007
CC_05224448D290,0.14937653716321275
CC_0525DE4744C0,0.02615189159715689
CC_052F5CD81EFE,0.16825319987234613
CC_05368FAD2E6D,0.049987100966149
CC_053788B82006,0.11850182511329505
CC_05471A48C6F5,0.13499072969561335
CC_056DBA1A87BA,0.1026348010239048
CC_05901F3E7A0D,0.22645820887306173
CC_05906BC8ED3F,0.11241805059765836
CC_059D55E32C78,0.10137057455631071
CC_05A12EF84A86,0.37902582088374626
CC_05A42D035609,0.189842320098212
CC_05AD75A5CE38,0.09946797688821152
CC_05BBD4B92613,0.6150172198852601
CC_05C8EF6500D7,0.8220882322087443
CC_05DDB7B07497,0.1078255981278467
CC_05ECAE6E0774,0.17245418247276184
CC_05F11F14DF9E,0.3394152107522731
CC_05FA9192590F,0.1545278759267948
CC_05FD764FB154,0.8054806338137506
CC_0608DBB4DF03,0.2294068820661968
CC_06198383F6D4,0.1719373568888713
CC_06199EBE2B05,0.1773281315843574
CC_062A8881A331,0.11800827492624465
CC_062F74350907,0.12748236603488533
CC_0635AD30F004,0.881514553891006
CC_0639F539946C,0.3009575709683709
CC_063DDB42CF5C,0.14446265486995433
CC_06405C00E240,0.23705885948722905
CC_064920FC9DAC,0.08584499706612432
CC_0650AB329174,0.7701833432565738
CC_066941B109B9,0.20583601452075526
CC_066AA16F5874,0.28428212246285833
CC_06732311FB8B,0.1556196251535913
CC_06780061F889,0.14465917101634312
CC_068A81B06B74,0.36284391436692337
CC_06A1C5FE269B,0.16610416983321413
CC_06AA7138DAF8,0.06320233898892445
CC_06C0DD0D066E,0.7421666886696431
CC_06C97CFBD476,0.22111255852839973
CC_06D15F523C05,0.19225514682008515
CC_06D35787AD65,0.027969848412533582
CC_06DA375201A2,0.1190218389996964
CC_06DB455FF19B,0.5811898162220294
CC_06F3674E7313,0.3633269727668704
CC_070232DF9996,0.10884410261709694
CC_07141FA77DBF,0.25107139275880697
CC_0715F11CC8CA,0.1479860803321928
CC_07168A9C843C,0.1829482930346834
CC_072AB9F855DD,0.10337043633422191
CC_07337AF6AC2A,0.13735381768478164
CC_07434E4E5C28,0.08752368751184031
CC_074381358A2C,0.003207333189325562
CC_074E7CA75E8A,0.24850808722929307
CC_075D0C618BAB,0.289939801002433
CC_075D804F7851,0.12752957760141626
CC_0765961D818F,0.3733548952389681
CC_07698F10563E,0.09219247297061359
CC_0773B9BA9E18,0.29498809115753855
CC_0784ABDA7F8C,0.22918041510696932
CC_0790C9F9EC9C,0.13721169921316206
CC_07A996E6CA6C,0.2676083168771694
CC_07B588ED677A,0.1723906522763955
CC_07B730FD7F82,0.15784824208250178
CC_07BE6961D039,0.10765797318079608
CC_07D23A6BAF5C,0.11308352079726808
CC_07E08196A3DB,0.11124491689120536
CC_07E4850039B3,0.1672672091114422
CC_07FAAF8B2D23,0.06796904124637365
CC_07FB3FD9BE0B,0.1366546767196473
CC_080CB94A724F,0.3122435463171967
CC_0837C56711FE,0.11635077238717498
CC_084100A049EE,0.06411045598011914
CC_084113D0951B,0.29195579583747094
CC_0843DDCDD601,0.675018510435978
CC_0846C14EAAFE,0.13238093100910897
CC_085091ADED2C,0.19045456240467146
CC_087943B4A5D2,0.12623068246981348
CC_08A97B98C405,0.16247893939666536
CC_08AA321BC4AD,0.13760275748388254
CC_08AA44ECBDD5,0.10478199834655869
CC_08AE2EE9D798,0.14431286674486976
CC_08B149462891,0.19064777789079182
CC_08C71A8D2D58,0.12331597689844499
CC_08D645F7B257,0.10325620155545527
CC_08D80BF0B273,0.12190130527848382
CC_08F52B1BE431,0.24279415652360675
CC_0903571AC7E7,0.1616715409103423
CC_090D528C09D0,0.4594023609401215
CC_09106BA6CFC9,0.1005562028541985
CC_0915905A5D48,0.06414468694936579
CC_0918F67CDF01,0.13143501000763166
CC_0925D0B6276C,0.1252271266849338
CC_092A2830E36A,0.8023087647702781
CC_0951489C8F79,0.021932282442262224
CC_0951FA4D5513,0.038932472420939224
CC_095C712064EA,0.1014384700934685
CC_0969AA7BEC71,0.1273845942286171
CC_0974840BED49,0.6726164210696707
CC_097BD371F652,0.12846810573431522
CC_097C8139DBD1,0.05600831920102001
CC_0981CA4DBCE0,0.06858141045022637
CC_09A5D2F129A4,0.11895857955581003
CC_09A9BE38080D,0.12291124146852261
CC_09CDC42E000B,0.14219034103903383
CC_09D8DBAB2A42,0.11825334944402699
CC_09EBB1960580,0.058913318370016565
CC_09EBF206FEE6,0.12638002704839602
CC_09F2AE996181,0.1652034524705393
CC_09F45833F53F,0.11092099997838271
CC_09F4F5C5B4EA,0.8260136938802304
CC_0A04BF4005F8,0.19207506524185614
CC_0A0E563D1060,0.1472168550124443
CC_0A0F781A999D,0.23746599446354372
CC_0A1138C37BC0,0.1334140493120871
CC_0A334A16524B,0.11021404344758524
CC_0A359CD5D73A,0.061732168495011897
CC_0A3E2C273DB5,0.10509451576187898
CC_0A4705B1E08B,0.04516755151487534
CC_0A67EB7C5282,0.23082351014853936
CC_0A6CD64871E5,0.38295998519152896
CC_0A75643FDC7B,0.12538817709903308
CC_0A8066F501AC,0.13851998496772355
CC_0A83017D027D,0.2514039033229538
CC_0A9AB7441D5B,0.34377477429695086
CC_0AAA72FA148E,0.3623278446589744
CC_0AAC488C8AE4,0.37703252975970514
CC_0AC2DB82398C,0.2730664039876558
CC_0ACA2C49A497,0.11607492287462867
CC_0AD4BBEA75ED,0.07700716161272111
CC_0ADCD6553B8C,0.052846694025482865
CC_0ADE56B56C41,0.0548111884822898
CC_0AF4B5B4162F,0.8517904647421074
CC_0AF9BD814AC7,0.18799208496198705
CC_0B083BE0FEA3,0.13794361046457498
CC_0B1384331163,0.08623191527794448
CC_0B216C6AF0F2,0.0009841753151548227
CC_0B3465DB0684,0.5757504943652159
CC_0B442B91679E,0.14908948684694454
CC_0B455175F494,0.14316346754756226
CC_0B4C01B4002C,0.259304989700385
CC_0B544A526D6C,0.03476674727686391
CC_0B5B19AFCD18,0.08482996541635715
CC_0B5BD2D224BF,0.11060266119481409
CC_0B6407C2C9BD,0.1400085788791535
CC_0B73F59991EE,0.13493051065414818
CC_0B7579216681,0.11561048292777686
CC_0B7F3B4B32C1,0.19504206824127235
CC_0B830A67900A,0.101597390112825
CC_0B84250F96B8,0.08168180589295326
CC_0B92212B8E27,0.4604631069134544
CC_0BB43BC4B3BC,0.12377014081563732
CC_0BB992973640,0.12077824558427983
CC_0BBC41297846,0.12519414268166534
CC_0BDDB468A1E0,0.33381190583988457
CC_0C00A631C2B4,0.10697452706245703
CC_0C011AF6C857,0.29073265246262736
CC_0C0459AB67DE,0.12831819603856304
CC_0C18B07E451D,0.12874046455002439
CC_0C19EB845CA2,0.21525335437388105
CC_0C1A736F37CC,0.12677036883553186
CC_0C335C9D86F7,0.8067856898841824
CC_0C4C24D066E9,0.14522379020035087
CC_0C5499989AF4,0.15503418250598044
CC_0C95548CC1BD,0.14063578570097435
CC_0CA2DE660B41,0.16365622785563597
CC_0CA6D8CFCF2B,0.1392204007057972
CC_0CA9DF9C5C15,0.07605546184976836
CC_0CA9F52C92A8,0.17773276233352098
CC_0CAFB6C41CE7,0.14851364757689905
CC_0CB27D5313F1,0.5211724188506187
CC_0CC9DDDB8B44,0.015658612877320066
CC_0CCA18595BA5,0.33192491643850397
CC_0CD90568D3E6,0.1064452977999778
CC_0CE0D56B0584,0.08720253198222373
CC_0CEA028BF961,0.2418043507481497
CC_0CF67D68AF16,0.11998566702008481
CC_0CFAA0FB0691,0.07676898678412808
CC_0CFFD2785D2D,0.17101159219969944
CC_0D28AF91CE97,0.13479624485283892
CC_0D34E55A580B,0.12655989209909896
CC_0D3663B6524E,0.7467139763193034
CC_0D3C2864ACD2,0.3498252533815869
CC_0D5F4BE8132C,0.14453455645586036
CC_0D6D5ACB0889,0.27828531395290607
CC_0D7BFE8CC0D5,0.08006130538709383
CC_0D8852AAB481,0.25855687781350717
CC_0D97EF394C79,0.12704232235911236
CC_0DA8FDDE6DD0,0.05083449490794173
CC_0DABB89E37CE,0.14091389016814615
CC_0DAF0F2FAA86,0.10088490695959615
CC_0DB9E5F8EDAD,0.12112224863261331
CC_0DBC64F88C05,0.1281325532026661
CC_0DBDF018E822,0.19682598459575457
CC_0DC31A5A1096,0.11642533539678011
CC_0DC3870F23D0,0.04925628038596963
CC_0DD39F5D7C0D,0.07959418892426058
CC_0DDC2C18BBDE,0.09177738483085002
CC_0DE09CAA93E5,0.13850022505053278
CC_0DEA4477FDC1,0.07152078291173143
CC_0DED63EF6639,0.22083053791912854
CC_0DED7DBF26F6,0.16290923423718023
CC_0DF01CD21B9D,0.12236827413306452
CC_0DF6A478C01B,0.16415496690512552
CC_0DFE1A3FA5AE,0.1758413543784209
CC_0E07D5FB24B2,0.11739575564729478
CC_0E0CD9F23A5F,0.7514253866361903
CC_0E121FCB1D47,0.12205763498780955
CC_0E1423A4C263,0.12215354964507597
CC_0E16883EE8E6,0.32872707643312177
CC_0E1A2BA1C545,0.22627238119504173
CC_0E2B52BBA69B,0.059999236791184116
CC_0E40BAFC3530,0.154988329084495
CC_0E48EE235179,0.14253813196323745
CC_0E4FA0FB9797,0.615121213978421
CC_0E5162F59924,0.8463527261515169
CC_0E5E2FCAC8C2,0.12834855912533322
CC_0E68C2BE2A75,0.17976304761321718
CC_0E6C5A8D8CE4,0.12161432983028772
CC_0E6E9B0E674E,0.10322505423990062
CC_0E746EAD6CE9,0.09697945112038514
CC_0E968E7C22C1,0.2477718842078754
CC_0EA1483F50A9,0.2185144229929299
CC_0EA81362C7D1,0.13094673998049566
CC_0EAE97520873,0.3246410286722803
CC_0EBCF4228FF2,0.24523180911919484
CC_0EBDEFD0BDC2,0.12894134587337833
CC_0EC6AEDA63EC,0.36918935077420023
CC_0ED61DD76795,0.12419434178098174
CC_0EE33B1B71D5,0.14610948006967
CC_0EE7EFF13EBA,0.03187112685794102
CC_0F0F136B0991,0.2266815952190874
CC_0F0FAF218BCB,0.09849586363834308
CC_0F125B48F175,0.19615065105484197
CC_0F292A238627,0.1274451507778402
CC_0F2949A1746E,0.10132477671625524
CC_0F2B71163121,0.10980829476368803
CC_0F393F1DE2EB,0.1402408012285914
CC_0F41B187053C,0.3989332548918453
CC_0F52EDC9D383,0.15995678852459538
CC_0F62C4F36236,0.12923618092368044
CC_0F6A29CE5D45,0.18198686969112365
CC_0F7C0515A6CF,0.10816379098392573
CC_0F8D6C89202F,0.21781313626536516
CC_0F933684CC08,0.15925999245220368
CC_0F9BA54F2AF6,0.12971488393237013
CC_0FA06CE7FAE8,0.01994173183951961
CC_0FD25AA655DA,0.14795262831790398
CC_0FF5570E06EC,0.7474502961668721
CC_10197FE0E34B,0.6174672323842589
CC_10355B5718CD,0.11960767900344713
CC_103A9D18EC12,0.11756623229178997
CC_1040DB6A21EA,0.10372750211872911
CC_104D2B84FC4F,0.07723381271241571
CC_104EA2802A11,0.1016313099820114
CC_105777B1BF91,0.0
CC_1059F1B6C0C3,0.0668401876131858
CC_1061947FDD14,0.08879575699245094
CC_10689257E68C,0.3544359398448917
CC_106BFCFA7D7B,0.0
CC_108FA04AC10D,0.0
CC_1092915D0093,0.10526030976509987
CC_10A30F88E157,0.16363696941908673
CC_10A657027AC9,0.9800964538823055
CC_10A6EAF27BF3,0.09722623016175298
CC_10B148BED568,0.4165818314367895
CC_10BB7101F191,0.0
CC_10BC5BC3A9AD,0.30296432178856025
CC_10F27C70AB99,0.13396615285818697
CC_10FADDF63CDC,0.15899136411921533
CC_1107D9301AA0,0.09785779895803719
CC_111A6DE5D9C7,0.6733014100514978
CC_111DC3B1756E,0.3076791486520523
CC_1131156CC6F6,0.14761820520606045
CC_113B66D5D5D9,0.08299142159200118
CC_1143254EFF36,0.1008810298546317
CC_1145E5277FA7,0.3502215154993674
CC_11521077BBB0,0.11981650685651749
CC_1154861ABCCB,0.5369099091943033
CC_115BCAEAE2A0,0.1326824818562612
CC_115BF13E8BFC,0.23190412541253824
CC_115EBE5044BD,0.324151057362916
CC_1165AA07FC47,0.6316075580220505
CC_116EE8219753,0.11783880829301516
CC_1176FA3233B3,0.0882263008273526
CC_117C2A1587ED,0.08952867575850934
CC_118C0A1D14B2,0.26005417779741036
CC_118ECB589F3C,0.1240697911395672
CC_1190F13FB1FC,0.1294383010471595
CC_1192EEC65A1E,0.11145566339471669
CC_119B1FEC4D83,0.2620794941181734
CC_119C413C2580,0.12256716633479596
CC_11AB74142A2E,0.7795634436050595
CC_11C8A291FD11,0.15469302763162585
CC_11D1E9C39E41,0.09870493548927356
CC_11D600EE1BD6,0.1356547972770628
CC_11D7539AC69D,0.17722708123773456
CC_11D78BB50016,0.08692923571119436
CC_11E0C583685C,0.10074855394664764
CC_11E0D2F15AA1,0.03844898442378175
CC_11EDFE67C719,0.6943387922023
CC_11EE85F284B8,0.13334523368441958
CC_11F700202C6D,0.14767169195215454
CC_11FB668DF543,0.11358456197935768
CC_1209FA26609D,0.0070039022291849
CC_120CA1B916D0,0.173196390299828
CC_1210186F4D33,0.008040082221693834
CC_121F621374FC,0.18274859012245076
CC_122532C1FBCB,0.13595527064710186
CC_122B19CBC88C,0.6868593671420826
CC_123C7F0111C7,0.49510254190566316
CC_1241EE42F174,0.12164249964025997
CC_125B7100F1DD,0.11929704722197325
CC_1263B255B3B5,0.12019986515765596
CC_12878596E940,0.16297629687058254
CC_1298ED71A9E0,0.07771722167744641
CC_12B555C6F086,0.1847244956845533
CC_12D22C629874,0.21059457633162132
CC_12DD89EA0C14,0.22535503344946994
CC_12E24CDE2684,0.1390555986825789
CC_12F3B7309455,0.5514634289248117
CC_12F8E7A4BBE5,0.29357161567111256
CC_12FDEAE4873F,0.21100686037297825
CC_130F7B067939,0.28863098176478363
CC_13209EDC85EE,0.6225974867890489
CC_1332B6F0E543,0.17186547581006975
CC_1334E256AEBC,0.6353207078674388
CC_1337726B2AE6,0.15804256345090767
CC_1338237BF402,0.20665379774100898
CC_1341DF38D9C1,0.134775845273453
CC_1342F868176B,0.6262032571791378
CC_134651CCD2F8,0.1506856775374527
CC_1363E3090578,0.11836610350577316
CC_13736493B695,0.07132309280828006
CC_1392DE633D4C,0.12334730524320173
CC_139ED2E0AD76,0.1272790378824714
CC_13A5383EA098,0.5606462402320458
CC_13AA272C6861,0.09648037964921041
CC_13B74E4EE3EF,0.18308345912360013
CC_13C437E86B81,0.4121204891662147
CC_13D61B077E7C,0.12035841832767509
CC_13D7115A8FCC,0.22380402584687994
CC_13DFE319B21E,0.784539407899665
CC_13E0F0B3FAE6,0.2523088672417846
CC_13FD88C2920A,0.858966305307011
CC_1401CB818627,0.3059441768988319
CC_140B86E74F74,0.8144052798034821
CC_1452A0B69085,0.14508001149847716
CC_1458CA7329A7,0.34441384503475947
CC_1459E7125AFB,0.09567359773049142
CC_14633EC7F622,0.3104251149229151
CC_147B1B30DE7F,0.1433661676333737
CC_1484511F54C5,0.3415118210067968
CC_1489A941A69B,0.29673765220760767
CC_14A8B16706E9,0.1281684166764544
CC_14BE52BADB77,0.116792722017412
CC_14D53413FBCE,0.34159906632881243
CC_14D59B58E51E,0.3270943154343584
CC_14D964327B1D,0.12508230508874763
CC_14F5D06CF093,0.1203945696718217
CC_1501D63D5A80,0.3794524111817413
CC_150E3A0E5084,0.21652158727821294
CC_15152312AC56,0.1116624401056518
CC_1522BA0411C3,0.08246667076235811
CC_1534B0241A1B,0.09291168030000344
CC_153BE2BEB74C,0.14903650311940025
CC_154BBCD4DCEA,0.17774293480850223
CC_1552EC27FC0C,0.6346173327131
CC_1566BFF4BCDC,0.35008494204853696
CC_1579BD86A63D,0.31905753538133375
CC_1583CFD90530,0.2537426536117688
CC_1584385F38C8,0.0732159898129022
CC_159656F13BE8,0.16503424469736147
CC_159B6F6AAF1E,0.07510013533080317
CC_15A4934FD96E,0.14147719658996605
CC_15B2140CE869,0.14327131587887293
CC_15C0972DE384,0.5548015578409955
CC_15C0E30FF2DC,0.1307573657239118
CC_15D617FAB434,0.11319440185883395
CC_15DA0F4FFF0E,0.3224371141704771
CC_15DAE76D15DF,0.038187070545672414
CC_15DC7C139EBC,0.4091048626987075
CC_15EB741857ED,0.1404436144090912
CC_15EC51F4C521,0.27125942722470886
CC_15F6259C7C53,0.12513411787956402
CC_15F7C012E10D,0.43261015346550846
CC_15F7C1BEC28F,0.22698248681764546
CC_15FF58854AEA,0.2630187843108257
CC_16035CDDC2F6,0.15298721981706323
CC_16095572722B,0.10689753000544439
CC_16109F1CE0A6,0.2717608228584087
CC_16150E74E4DA,0.13356996991668207
CC_1629E47AFBA5,0.09615674639191937
CC_162F4582D06D,0.6798220596739364
CC_163194DFEDDA,0.051307266543869856
CC_1640F01B7730,0.15401114180226963
CC_16460554039F,0.05225115624421234
CC_164D308CDE41,0.3104625835542845
CC_1661041F819B,0.7152277965641253
CC_166829780A76,0.1420371340492686
CC_16798666E855,0.0991980866487776
CC_1684B5493414,0.12313577640209417
CC_168A8907C8F4,0.1176679915612531
CC_1690EC56D088,0.11016353779120262
CC_169853EEAB4A,0.1185429443467115
CC_169B7FD839BA,0.13990495534659253
CC_16AED1A3008A,0.20288652367985666
CC_16BAC7837C73,0.1348653624827592
CC_16D57E1EEA01,0.13701336358625224
CC_16D833E56D7A,0.1466125423853975
CC_1702487A047B,0.14512260684868541
CC_17029F78E70E,0.08170070432791204
CC_1702F3E986AE,0.15946591530672055
CC_1707181BB559,0.08666736474315752
CC_17117BF03935,0.3085271642686659
CC_1723E40C3D40,0.12854358867771276
CC_174FBBE9ADD9,0.1714300482612376
CC_176E6E58FD1E,0.15815340804775935
CC_1783F37259BE,0.15042228720937983
CC_178B135605CA,0.10527287634174859
CC_179AA5165026,0.3816299228593073
CC_179DBA1C4CDB,0.32045781327846967
CC_17A1090B69C9,0.10799437218656774
CC_17AA1A4C904D,0.11709945032629282
CC_17B06C06FDC1,0.125600736240792
CC_17B89AC1FD03,0.29792368505734057
CC_17DC33AA73F3,0.11264669619485836
CC_17DE4D267831,0.11717380724203662
CC_17E929BE0344,0.37466293096120995
CC_17EB83DECE5E,0.4140168443368622
CC_17EC9982E5A6,0.17830247373524213
CC_17ED5555B4FD,0.1667863433920153
CC_17F4292DAF8D,0.10096985297010669
CC_1807B0980C86,0.1438103672607446
CC_181354A58B53,0.14921661460993807
CC_181E7266E018,0.10891267554844286
CC_182AAE7CC3CA,0.5232624614469533
CC_183EDEDC5DA7,0.12722658426913624
CC_184C47552665,0.21432659083880196
CC_185A7392A475,0.3101731394030003
CC_185FEFD3233A,0.4104327266551192
CC_18676FE5FC07,0.044182149149032124
CC_18776C4FDE28,0.15827865729038615
CC_187A8AECEFBC,0.16504990576538986
CC_187E7D0B4E82,0.8429346283209062
CC_18839D393105,0.13866996197073778
CC_1888476F6CF3,0.10487532427325104
CC_188B1ED2AAA5,0.31092059276467654
CC_18A4257C3172,0.3116194929076162
CC_18A7929D9FC9,0.1857665338210925
CC_18A8695F185E,0.036908867458210703
CC_18ACE64E8F74,0.13481244762644537
CC_18BF4A29BB38,0.1428255119971707
CC_18DE36F7D294,0.12025163577630466
CC_190EB07AC1FC,0.11157138289992496
CC_19219F2C60B7,0.11126445136292663
CC_192262DB0B0F,0.12587607586861038
CC_1929746E06CD,0.5941065951928044
CC_193356E72D61,0.6524457120127485
CC_193938E8EA40,0.2181827471795575
CC_193C60092202,0.6893760168974817
CC_193F669537D1,0.22605037661498162
CC_194E13150BE5,0.03591742694651576
CC_19556DDCCDB3,0.09659655617516376
CC_195A6E9B48A2,0.12619870376746475
CC_196DEC616B33,0.053278601509015616
CC_1978B23D64A8,0.09120794553651439
CC_198562A4BD86,0.11444144339789458
CC_19864C9572BC,0.15144609231057662
CC_19868B6887C9,0.14391681351233807
CC_19969E05AB2B,0.1592330640635691
CC_199FC89885C7,0.14702462683259265
CC_19A40411B404,0.30162934155019294
CC_19A6D9B60B29,0.5583162438615583
CC_19AAB010550E,0.16802625775724633
CC_19B4743DFEEC,0.07426916742311958
CC_19B95A61D757,0.13719361938813882
CC_19E6A00F6A5B,0.12834322599284437
CC_19E8DEC29F47,0.6428169448940939
CC_19EA54976042,0.13199194733650305
CC_19FBBEA75B7F,0.1430267534341238
CC_1A039E58840A,0.09108915427170848
CC_1A075331756B,0.1297025221343657
CC_1A1E1302C432,0.13061556091644783
CC_1A37690EAEDB,0.13703257534379942
CC_1A3BF9F5BD42,0.13994205659026832
CC_1A4268FEB02E,0.15455893190584247
CC_1A5F8618A912,0.3489461137899087
CC_1A659D4D521E,0.5511937870306136
CC_1A879655902A,0.14049868402627042
CC_1A9F6DA46BC2,0.13734104855199067
CC_1AAB15E81743,0.08503817760052099
CC_1AAC389EF8A2,0.26195481011850563
CC_1AAD0CE365D9,0.14607384419888153
CC_1AAD9152C90B,0.031963245330738244
CC_1AB15BDA9296,0.14675843247002057
CC_1AB8BDA3041B,0.15854465142335786
CC_1ABB9CB074E2,0.8176496431801172
CC_1AC1B1A3978D,0.05379548577432042
CC_1AD20D1F9C08,0.5930504060262829
CC_1AD881A90D1A,0.24651420903769744
CC_1AE9811724DD,0.6363531146290448
CC_1AF1AAAB9D12,0.8772925842665528
CC_1AFCC4D0ABD4,0.16678800094954055
CC_1B08ADAFD1C4,0.13886768419443837
CC_1B10139C7917,0.1406287190842312
CC_1B127133B948,0.13267791180771635
CC_1B25964EA376,0.17604500526825423
CC_1B27A85C7244,0.16471385490956078
CC_1B29F4378A34,0.2018870859692939
CC_1B2EC0BD0677,0.3420194674236545
CC_1B4AAF37FB97,0.16027860907676472
CC_1B5E792F6E6C,0.25750508507535885
CC_1B7166DAA790,0.14633779328812116
CC_1B89FD901C95,0.12756054824142904
CC_1B91E3A70338,0.1477961155950515
CC_1B9D9B7184F7,0.15810529932732695
CC_1BA3FDD92B1B,0.03817082952118256
CC_1BA9B3D67170,0.1295800966148914
CC_1BAF97E2BCF2,0.1740986654428032
CC_1BB7D8A54021,0.16370816592836085
CC_1BD548A5FEF3,0.12266035667202957
CC_1BDF1893ECEB,0.19981890879070396
CC_1BF117A8AF9A,0.09306046834810851
CC_1BFA7E407428,0.5418049637488229
CC_1C0066F472E4,0.8948040662780223
CC_1C09CC2385AF,0.13807109044189927
CC_1C11467AB472,0.6873895944055335
CC_1C1627B7EE6E,0.12164522037948891
CC_1C3259B85E28,0.13451725356700855
CC_1C334ED885FA,0.04774539346896631
CC_1C376760FE39,0.07858199130016019
CC_1C39A1ADF3F2,0.1468862834876058
CC_1C450FC77478,0.13403522712771818
CC_1C48409023DF,0.5401006490980251
CC_1C4D03324C60,0.34785400135136324
CC_1C5F1E1028DB,0.04165645592318143
CC_1C6681C0AA7A,0.8123217597162369
CC_1C84CFE19CDC,0.21370590196067693
CC_1C8B3F689C6D,0.17975640760066064
CC_1C95674B902D,0.14150061230194272
CC_1C9A4C11F28F,0.12149524725178838
CC_1CA3F50BABEA,0.14270567318477423
CC_1CBF42D35AED,0.6057507749336386
CC_1CC11BEADBD5,0.09644966015225949
CC_1CC3CE396A8A,0.24683275498695595
CC_1CD2B13C2E6B,0.16378993719492788
CC_1CE0B37CA670,0.1054187882436812
CC_1CF5A99FC068,0.11971929334100348
CC_1CF71AEB6671,0.11615997580992954
CC_1CFE066F5EE4,0.3103915597577198
CC_1D00B360809D,0.1199416518259788
CC_1D1173F82F2F,0.12511497613803746
CC_1D1E06E0B393,0.14977639136012233
CC_1D2789866B1B,0.02485182552090473
CC_1D2DD7DF781A,0.23369027349260119
CC_1D313498A2DF,0.2224581052773052
CC_1D68396533F9,0.3634581388786071
CC_1D7235BA1EAF,0.14113057531624207
CC_1D7ABAF9D080,0.03350146489631187
CC_1D7FA51D0D7D,0.40701557254100906
CC_1D8CFB3589AE,0.13928794800021593
CC_1D9421A6EB19,0.26461048619382
CC_1DA0AC68719F,0.24443484085205297
CC_1DA366D588B6,0.08853060577484624
CC_1DACBFE0296C,0.1316597913766514
CC_1DBD6A716910,0.4687152023409318
CC_1DCB75B5CBDE,0.35367157076020583
CC_1DCDADBC0E90,0.38070909308628365
CC_1DD11FAF43E8,0.14839429219249783
CC_1DD8064E71C7,0.19914206053316447
CC_1DEC926EE25C,0.11646642629532482
CC_1DECBAE4FC5B,0.0
CC_1DFF80E6D4DF,0.10431112861225049
CC_1E025C3597E7,0.25465481679947455
CC_1E082052CCBA,0.6544231407423291
CC_1E0E30441DD1,0.24595060524487558
CC_1E20E200611C,0.15415718522302138
CC_1E354C75EB9B,0.000952969145860183
CC_1E3B2C15EBCD,0.2749035592386134
CC_1E4DF11FAF55,0.1112042952072994
CC_1E4FE60DFD8D,0.8335555102517948
CC_1E5A648D299F,0.23015575741777455
CC_1E6C0A8B3841,0.6365420991218739
CC_1E7FA6E807A3,0.18049562242848388
CC_1E93F760EC93,0.23451169872666638
CC_1E99F40FA03E,0.13199454760458867
CC_1EAD09DBC23F,0.1363535123972121
CC_1EB3D53252DB,0.17884933756631166
CC_1EC889E04D69,0.11908284743109036
CC_1ECCBF6853F6,0.5589631298586701
CC_1EEC4520436C,0.13384295974245594
CC_1F2827DC99C0,0.1926933750752894
CC_1F2C184C5227,0.1015405596872984
CC_1F3FA8091B02,0.14358794869318253
CC_1F4E07BFDC8C,0.14244809652744084
CC_1F4E0E9B54BF,0.08394918108823451
CC_1F55738A6A27,0.39461437457604565
CC_1F65276D0EF8,0.08190635750999299
CC_1F65C797BD40,0.11411411395308774
CC_1F668C0AE868,0.11947601578599648
CC_1F6B19A04BD8,0.07510335065024865
CC_1F945A60367E,0.5609875293996514
CC_1FAB6F11DFCA,0.7423115732503768
CC_1FACCCE95224,0.17426515300785805
CC_1FD010E5EA82,0.09866330647674929
CC_1FD2B7BCCD20,0.8419344333203238
CC_1FDAEC3D5CBB,0.15969817596602076
CC_1FDC65FE3DBE,0.16579723339515393
CC_1FE696D8A81B,0.10862423575933494
CC_20027685F59C,0.8171287229693195
CC_2009F3D77774,0.1384454467061957
CC_200C552C40F3,0.07514511383807344
CC_201459527065,0.1540200575058191
CC_20275029A688,0.11038867650774237
CC_2028DA597C34,0.12109926764478787
CC_204E557E5046,0.34165253454093775
CC_20542CFCFB39,0.08849856142880014
CC_2060F813C9B2,0.1361111347702369
CC_20813A9A7F71,0.17736942717493687
CC_208429A11E2F,0.15625101115573248
CC_208B0FE7CBAD,0.11438770636918663
CC_209A511030A7,0.0
CC_209DD60421B5,0.11360293909825486
CC_20B26D646D62,0.14555968511965067
CC_20C47966B174,0.1114616771760241
CC_20CFE9681E4D,0.1277047354307483
CC_20D4DB0F3E3D,0.05035540167845956
CC_20DD84CE3CA0,0.13259174739389434
CC_20E57CA675DA,0.6220814405868975
CC_20F129FFBE00,0.17236457075382478
CC_20F4E0F62D2C,0.11232867713970253
CC_20FEE0B2130D,0.5188848377191015
CC_2111B298C212,0.1458980158400912
CC_211315AD7633,0.2817538770721369
CC_211504721E27,0.15221001874075735
CC_2119919BCB4F,0.7062078224504982
CC_21375C9ED931,0.244704712468848
CC_213D2A5355FB,0.2275313585736275
CC_214B50E48E94,0.1340475438648759
CC_215F86D986BA,0.1495688339231001
CC_21600308F496,0.039800671201300625
CC_2166F3F6344B,0.1267267859300647
CC_2168BBB42053,0.07623783653003151
CC_217030CE0127,0.0974706057753344
CC_2179067B405D,0.04624559258337366
CC_219B59B67193,0.26154111642419275
CC_21A9E8DB58FE,0.1132432484489701
CC_21AE679C5E95,0.13723462097700992
CC_21B98D13174C,0.1383963875577555
CC_21C81BC15002,0.18916524667122323
CC_21C9B26CFEA3,0.08475677341176407
CC_21D22081A4CA,0.773928450768034
CC_21D29CD736D3,0.3110234437447936
CC_21D3CEAF838E,0.24947358279751122
CC_21EF792A3811,0.539043934192131
CC_21F04E996723,0.5371658334776803
CC_21FB6C8AB8BF,0.4248010834530425
CC_22067686F6C4,0.6310667157023445
CC_2207A39B7BB8,0.16605438351250446
CC_221053121AAB,0.26337103797871136
CC_222423774191,0.11668550933356227
CC_2230EFBC99AE,0.3600929532669776
CC_223BDED2A465,0.28464525554384734
CC_223E3CA7A07F,0.1212209004004042
CC_2250B42E48B2,0.10171421988316041
CC_225935E43583,0.12509917548601268
CC_22781E93CF84,0.23959235048246774
CC_22784AF3CB6B,0.3645740262939086
CC_22831690395E,0.10646868864075046
CC_228E6CBCC935,0.578812845967946
CC_229338EBBA6C,0.1293134895065185
CC_229A63057E54,0.3879541338017894
CC_22A2D8A4B437,0.09528762486078868
CC_22ADE1EE9BC7,0.13285736161206418
CC_22B69E7C415A,0.06968285150785528
CC_22C590B43FEF,0.352322109542114
CC_22F06379D8FD,0.05166712626311601
CC_22F282264A1D,0.14340276773210558
CC_22FBF5F0E1C0,0.25312637605458654
CC_2302088175A3,0.2698254313259591
CC_230672EAA654,0.0023241304941616636
CC_230870B121F6,0.21000010424898288
CC_230A051B2B3E,0.12413392665488143
CC_2316F57AFB7A,0.10020169911441669
CC_231D091FCD1D,0.07160754460784431
CC_231FDED1781F,0.26651323390623133
CC_2320053D1183,0.1002746529168225
CC_2320AF507566,0.3675511842423755
CC_23321FF41C3D,0.12673228361049454
CC_233470D6BE72,0.5683891477988373
CC_233C8EBC95FC,0.4839649101155619
CC_235F99F13500,0.19566290040365414
CC_235FC02CA52F,0.22185991395461654
CC_236C80CAF53D,0.23365513299070545
CC_236E7222D97C,0.08120785227311648
CC_237B86FDC93C,0.10305073384257714
CC_237E7EB2D7D8,0.11629187067746638
CC_23830081EE1A,0.6189759998280825
CC_23894AAA08DB,0.4546231603714045
CC_238CBFD6E20C,0.34550794242544036
CC_2392A4A79C9E,0.028982316399970065
CC_23A474D43C73,0.2079843350207059
CC_23A9CC59BA0D,0.0
CC_23B158D8306A,0.13121496625104426
CC_23D147F1870B,0.07468919454209205
CC_23D2E73DCFCF,0.13925102712848467
CC_23D9103D1EAB,0.04860101734108696
CC_23E142182F2F,0.6305703597793295
CC_23E43713A108,0.06544675994361149
CC_23EF2911610E,0.35494209112491215
CC_24056B76BD7D,0.08045584135026586
CC_2416ECE66177,0.13545043675852403
CC_241E65816FC2,0.021111334911195295
CC_241F7E97FBDD,0.08633215829548431
CC_24217201D7A1,0.2956760788628189
CC_242301FCCE50,0.07094656078976443
CC_242C69CF0B12,0.1540193265024755
CC_243B23702DC1,0.16381206390049408
CC_2456B9C796E4,0.13571097909876095
CC_2457D89CB88B,0.49549032105276003
CC_24667210E2AF,0.17908772521278388
CC_2468D206CAEA,0.024718137402677975
CC_2469630A4F86,0.2519724396617987
CC_2469D83D9594,0.045393899074240296
CC_248C65EF54A5,0.6684845338962904
CC_24BCCA7941E8,0.18469425757529692
CC_24BDC1CE2A3A,0.29255812669297643
CC_24BFCCDF957C,0.08949848384738501
CC_24CC8A1B1CB7,0.1852538901944232
CC_24D4B1852554,0.14584446426471434
CC_24E65FA5A32E,0.19541152040685172
CC_24EF3EDB6857,0.07058591234813068
CC_24F15A19D648,0.15111243126533627
CC_24F2410B5A19,0.1270462821163273
CC_24F27E7DE1C6,0.4912427799276963
CC_24FFFD0C983B,0.04326058078271816
CC_2504E9D5D5E4,0.07936642166215084
CC_250F6A0DB62D,0.07787887809715391
CC_2520E13DF0A2,0.812810114563773
CC_2539C315029D,0.16652090682180945
CC_25519ED78507,0.1577026259598836
CC_255D49296DB6,0.06576661180075889
CC_255DC60FF5BD,0.05256782426581724
CC_2563C9EF9D55,0.15483705814514856
CC_25756EB9651F,0.15217956925618645
CC_257CC46D379B,0.40912587565802666
CC_258D5F80A933,0.7568137866756821
CC_259D87270257,0.21222055315557692
CC_25A41AB21C94,0.23717803159058504
CC_25ABCDCC8B71,0.05648104777244628
CC_25AF0D0569B5,0.13636987178651822
CC_25B61D393144,0.09813577635265017
CC_25B95D7288CB,0.39003472568663444
CC_25CE2F2F13BE,0.13905214090395546
CC_25D1A5971976,0.4118231870224136
CC_25D411B46F00,0.8643510096206841
CC_25E7A2DC5E41,0.027718817039137367
CC_25F4C8E51AC2,0.42207521072514004
CC_260323EFB122,0.6480864797062849
CC_260F10484312,0.09683204933403793
CC_2610D0F1D0A7,0.14213394238311478
CC_2615866F35A2,0.17540679064119313
CC_261DA4E8DBEB,0.13959726233959094
CC_2628F00B0745,0.3735421470566388
CC_26338E9AD15F,0.11571502431483001
CC_26346B99BDBE,0.6177151760126953
CC_26351DBC1AF6,0.2252363690240054
CC_2637397AA3F3,0.5703674691356635
CC_26675C32611C,0.672276306801777
CC_266E49E49071,0.20577254541775403
CC_2696368A4DC6,0.005039005262668039
CC_2698641B68A5,0.17507494484298627
CC_269C5AE6A1A3,0.6680173299195095
CC_26A06AD1206C,0.7533763585940252
CC_26A358B0C10F,0.1435419461357041
CC_26B07CB02EA3,0.5614089858896307
CC_26B638BEA8CE,0.13269600646918783
CC_26C33B649FC9,0.042632728238707396
CC_26D5B969A36F,0.40218816229149656
CC_26E3A1226C2D,0.12816826966436967
CC_26EEA3F0224A,0.16312190547445196
CC_26FA5E5A718C,0.06723125602673352
CC_26FE119D4919,0.0896360831251111
CC_270B462BAEF3,0.02684959285098365
CC_270D929FEA9F,0.11422953056962329
CC_2731AD82BA11,0.13679693785926314
CC_274144AE3E86,0.1422852286583141
CC_274AE6E82879,0.17462498256571085
CC_2757A490C5E1,0.14513297753121057
CC_2766F6011BD0,0.3804693027814462
CC_2768E644C697,0.10303935903080497
CC_2770DF70328D,0.11257191458510113
CC_277503968C44,0.6205801735805748
CC_277CE974AA8F,0.21541549866202728
CC_277D246E39B9,0.19994121867828568
CC_27A1CC725B7A,0.09500749925882421
CC_27A798829CA8,0.762577987833739
CC_27C938FC8DC6,0.4913272614886568
CC_27CA2D819E7A,0.059588407083629294
CC_27E3712F0E38,0.1077879639703418
CC_27F3B3F43FF9,0.027405752171567488
CC_27F9832EAB8A,0.4261458883472825
CC_2809CC131F3A,0.6102334952831914
CC_2812523510C0,0.15455534277123825
CC_28151C75756D,0.0627076244685463
CC_28203CC976F9,0.09592694661704924
CC_282AFAE06F96,0.14534643378078194
CC_282C2404F4C0,0.08997708586224828
CC_2834BA2F19FC,0.19289707979874368
CC_28432E22F47D,0.5508705581339324
CC_2844882CC439,0.05169302659013042
CC_284F79726032,0.3896902921413104
CC_28544783AB15,0.5726581488682607
CC_2856104729EA,0.6565944087563576
CC_28625CD86761,0.15260426851879394
CC_2866BDB46FB1,0.04409628418663328
CC_2872415C6B36,0.06255782290159992
CC_28752737647D,0.5980317185574344
CC_2875C281EE88,0.10985040337994882
CC_287E3E9EDAC9,0.07314413305885024
CC_288A2C49D62A,0.07711055329803497
CC_288FA8CD819C,0.1662222861482977
CC_2891894CCED4,0.10370791928679221
CC_2895608A9699,0.11812153921434966
CC_28A2EF7926AE,0.632908941269626
CC_28A7DBD2B710,0.1363872315492317
CC_28AD81DF2C51,0.2945723855186451
CC_28AEC29CEC25,0.21078773105612936
CC_28C1C3DF7928,0.1439563165268956
CC_28CA76962EC8,0.117744291340819
CC_28CD47803B6A,0.14020973085195776
CC_28DF569DBBE5,0.1534643204941682
CC_28DFE611C657,0.1223549011484732
CC_28E11E6A6C8D,0.15695681257233202
CC_28F58ADC7CBC,0.14310727654875277
CC_2916479EBC84,0.19610824412585795
CC_2917C6CB0B2C,0.15863014194907343
CC_291C7830D4B5,0.28803670945381665
CC_291FE1744E5F,0.090902354300432
CC_293124F1ACD1,0.1509006074817379
CC_293C2D704AA9,0.25113935995687253
CC_29432A6B2555,0.10455723628239663
CC_2944B427406C,0.13756352007855577
CC_29468B7035D6,0.10934310336135158
CC_294A9A24E473,0.03871951957832792
CC_294B94EB0E07,0.2629975313098365
CC_2967C29E4C3A,0.1072544500905431
CC_29716D5835F4,0.1918073831394378
CC_297179FF2BCC,0.38322663299017923
CC_29803690C939,0.23834900156593708
CC_29821539DC4D,0.11248066410579645
CC_2983C1D2A273,0.09890310871501139
CC_298CAC5A1868,0.5160686922573086
CC_299EBE0FB429,0.11495045101462924
CC_29A1C0073882,0.60271590858718
CC_29B6065F187B,0.36968904367133076
CC_29BC66C10F87,0.5792076099037974
CC_29BF3C3D9682,0.1652644524851759
CC_29C4425FB2DA,0.16008629472220315
CC_29C5D0D72D61,0.20992720703621184
CC_29D65E313500,0.14406444453354106
CC_29FD856F47A5,0.7015245836173618
CC_2A097F88615A,0.10794501058621218
CC_2A0CB4CE1A48,0.22161108337087038
CC_2A14C1652D6D,0.21686680358346172
CC_2A1F96F80938,0.07018509024273545
CC_2A23F71805A2,0.13997540592614804
CC_2A2BF2FD0498,0.16649157584367602
CC_2A358A1D3DDF,0.6167463438732766
CC_2A3E371F0DAD,0.21191388672055547
CC_2A423FC8A330,0.31401234178515364
CC_2A43368D54F9,0.5982587057576695
CC_2A47A21C0E07,0.5975562725218213
CC_2A4CB02E7A1E,0.1301589059085398
CC_2A510080BA29,0.1394973351396545
CC_2A5316E550F0,0.11713282438562628
CC_2A59695EF90A,0.5012158408231938
CC_2A606D00CC46,0.1156413070691941
CC_2A6C69145AE0,0.09340690245974144
CC_2A6CD71471A6,0.1468899168349886
CC_2A70D6EF64E1,0.0913704559033451
CC_2A844754AE67,0.5643091478092364
CC_2A85A7B242FD,0.2575330156076191
CC_2A9A51067D7F,0.12351190184698108
CC_2AAAD4020436,0.16230874725605698
CC_2AB62BCF3704,0.11422527709320424
CC_2AC1C8DE5649,0.11132975155570943
CC_2AD10D78793D,0.7835124695918426
CC_2AD26446A7AE,0.14867258463046015
CC_2AD2D35975D1,0.09298630925648385
CC_2ADA07B0211F,0.30707052401268653
CC_2AED2D284351,0.2901513675018043
CC_2B01FDE2552D,0.14304202129447996
CC_2B06DDFD7F8A,0.09734172387531584
CC_2B08FBC0A948,0.17932327376228496
CC_2B1914218468,0.6697079082530233
CC_2B1D93E12DC9,0.11111234225337101
CC_2B248C488918,0.13517553167635774
CC_2B256891C60A,0.6666097529838038
CC_2B2801591A25,0.4023133685371924
CC_2B2B7CF1E40F,0.09777197923262765
CC_2B2F4204834B,0.15566498457763653
CC_2B5443C7AB87,0.07593768718381073
CC_2B5D780AC244,0.49834977132176195
CC_2B64E67CFF13,0.09035007743913481
CC_2B6B872C8D21,0.0
CC_2B85D931F011,0.11806413301153694
CC_2B959EF030DD,0.2262471041709902
CC_2B973D1AC16E,0.20497327031669665
CC_2B98983C2687,0.01919054777396567
CC_2BA581E7B8D2,0.08529019410929232
CC_2BB2C432C369,0.12236563988903071
CC_2BBE19587CD5,0.18289632766062885
CC_2BCB838A9581,0.10624782080165185
CC_2BD0E9336EB4,0.08217603758436368
CC_2BD1633FD528,0.12398592897717452
CC_2BD58FC8C2B9,0.04684557465840705
CC_2BD6083CAB0B,0.8060243631647205
CC_2BDD47B177E5,0.8129143205259822
CC_2BDE889EB05C,0.3325861085715548
CC_2BF8DB192A49,0.4168437017008151
CC_2BFDF46F3AC2,0.11504319002497208
CC_2C00CF2FAE22,0.08005294929098156
CC_2C06DDBA1073,0.2959876422973525
CC_2C16C7838FAB,0.8058358282831204
CC_2C263A1A732C,0.12130250886902656
CC_2C34105831A6,0.15868715334199512
CC_2C43FFA06F31,0.09911007929393195
CC_2C4DEE4CA1CF,0.08814073283295437
CC_2C56DB55E40E,0.11422163430286984
CC_2C59F565C183,0.14021026308736853
CC_2C7F54E56925,0.27091291169910847
CC_2C8CFCC646BE,0.044575555780015985
CC_2C91AB1DB754,0.08520945500850112
CC_2C93356976AE,0.2618595004318114
CC_2C9DADC294C8,0.0
CC_2CA94231028A,0.2767668165957632
CC_2CC8CB17283A,0.29451176695494974
CC_2CCD42AA2376,0.2952151263538434
CC_2CCFE560A79E,0.20665168670838635
CC_2CED227E5216,0.1412068267554046
CC_2CF326E90715,0.04207101093534593
CC_2CFEA03CC6A0,0.6075226701848466
CC_2D1D032137DA,0.19773301787788009
CC_2D258781011B,0.13246948360520217
CC_2D30260A1CEC,0.21223443349933663
CC_2D35C002A9F1,0.10264766453811223
CC_2D45DEA4EB25,0.1587546964200457
CC_2D5494C13FFA,0.012819009539466214
CC_2D5EA2953E81,0.14819314146073148
CC_2D6E7894EA16,0.5889047121211144
CC_2D7DA36360AD,0.1559960760944179
CC_2D7DFEACA38C,0.22004634656770844
CC_2D836654A121,0.11520697028388546
CC_2D9CDFC6C57E,0.6369459036360328
CC_2DAC67585B03,0.13291205924372543
CC_2DAE338809DE,0.31677695233274356
CC_2DB062A18C75,0.31248277248989204
CC_2DB2C55CF89E,0.7851277890736008
CC_2DBCBF870292,0.0356376917666438
CC_2DCBC03B4FA3,0.6514742726509557
CC_2DD78131B5A1,0.11650399505867068
CC_2DD7BCA75AB9,0.14611040628487618
CC_2DEB49017220,0.14322397320850322
CC_2DF6C71ED372,0.12054104294994669
CC_2DFBFA1A4FE8,0.15026719260000854
CC_2E12A41F7733,0.08998924050666371
CC_2E1A348EB1E6,0.1161382354241488
CC_2E23CB0F6F7B,0.34967615076504055
CC_2E3634587158,0.15017832686529722
CC_2E3F4B14D8DF,0.3656867533500098
CC_2E3FDDBF4F48,0.16857690505553455
CC_2E61C46BC16A,0.1265342914674056
CC_2E62AEB14351,0.1340285835947221
CC_2E6F1C0ADEB8,0.17609715384275032
CC_2E7415FAB62E,0.10044968793896324
CC_2E77F7444FDF,0.05895903930827992
CC_2E78431BE3DB,0.0696002589996552
CC_2E7D44FB8075,0.12180974766731606
CC_2E7D8539BDA6,0.36644445469887227
CC_2E7F248874AA,0.6771998405804096
CC_2E85BB8F3BB5,0.11857673913893736
CC_2E8897E4D9BB,0.28825320762688317
CC_2E8CCDE89E2D,0.22956654067447943
CC_2E927D910813,0.11988112943903234
CC_2E9891F5A2D5,0.13535401767838567
CC_2EA56A7EAC04,0.278922909910965
CC_2EB45D13B248,0.18722596612908468
CC_2EC924B0EAAE,0.12325237285106619
CC_2ECC248C96B7,0.13693139608313576
CC_2ECF0C98B06D,0.37269555308885893
CC_2ED3F6481454,0.12064595942634913
CC_2EDDF0B40ED8,0.12413811506793374
CC_2EE2A139642B,0.11671210040807205
CC_2EEE072DA301,0.24391432410818908
CC_2EFEBB85DAEB,0.15830313322382958
CC_2F133BEFAA69,0.1301780135415605
CC_2F1AAE3B81F2,0.09165114819919323
CC_2F1BC47CC90E,0.03951355274135565
CC_2F2128FBBDDC,0.11944018349201524
CC_2F3D3342834E,0.13679890973390213
CC_2F42D39F710B,0.5831347951663048
CC_2F4AFE398419,0.7506876074313004
CC_2F4C24B38EE6,0.10591629795851196
CC_2F508C0838A6,0.1274379680373122
CC_2F50EC193942,0.15099284178299913
CC_2F5BD03D4900,0.1144942276687666
CC_2F73AF6728BC,0.07919085078158065
CC_2F7EBEAB9CF2,0.24640811387084624
CC_2F9AD2BC25F5,0.08721074510362949
CC_2FA3172ED3FE,0.8298884734550475
CC_2FBEF8808F48,0.15712222357452665
CC_2FC014F0EA3C,0.11969529709277349
CC_2FC3AD2EC986,0.28708668576991203
CC_2FCC82AC097C,0.25662326015244596
CC_2FE2ED7D464E,0.14752237198523718
CC_2FFCC9802D2A,0.14551096404678526
CC_2FFE32627DF8,0.09207068058840018
CC_300BEA90EF3F,0.21321546977972045
CC_3017B64D0364,0.207281373701798
CC_3017E5E87C94,0.13804803930650522
CC_3028375CC87E,0.7200391585538811
CC_302A48CFCEDA,0.11035168998003266
CC_3031F96196BD,0.36956405145121274
CC_30328ADA0AE8,0.21778167093608153
CC_30451015D913,0.006901932524717713
CC_305D33AC15A9,0.6955569376418139
CC_306015CFB66A,0.2098692949377739
CC_306413849CEA,0.4130964897601963
CC_306EF0BC7CB3,0.06257341787040255
CC_3075C5B861A8,0.2215630378823894
CC_3083D9B76858,0.07693767728350495
CC_3096994A495B,0.15302543746782638
CC_30B106BC1657,0.18800635363479445
CC_30B967417C42,0.16499326433626824
CC_30CABAFF5453,0.09139484338285477
CC_30D68208FB23,0.3256364013440103
CC_30E2A90BACAD,0.14359367475375512
CC_30FFD856443D,0.6225073620386083
CC_311EF26786A8,0.11762817214131308
CC_3129843EADE6,0.8277095251448562
CC_312C34EF683B,0.11251767133147872
CC_31302B64C078,0.09084922260003062
CC_31344A25B569,0.03598884106243458
CC_31397A399AD5,0.06916317932202809
CC_3145B5EAD7AE,0.313421280438831
CC_3146EE0BF81A,0.12094677675570212
CC_314D02632843,0.2364362210448497
CC_315133406E42,0.28984311263414186
CC_3180D1C6FB7E,0.2572353562663665
CC_31827EE8A968,0.30996891066541044
CC_319BE06CC27F,0.0760747450989521
CC_31A0A97AFFCC,0.5172257409040665
CC_31B22116E36C,0.1784131293200314
CC_31C78D9B6494,0.3882203583352529
CC_31D3FA367B41,0.11660001083553091
CC_31DAAB3E6DA7,0.15492405136531065
CC_31E36F666FB7,0.07234890548413134
CC_31E72EA14FE4,0.11563871812788726
CC_31FC6DC9482C,0.22344896059035085
CC_32076DA6AE23,0.11723083867723441
CC_3209FA12D938,0.31232934827107833
CC_320E17F947CD,0.41728443867036846
CC_3223C706DD92,0.2847142984691393
CC_322EFB2E377D,0.10894894125965254
CC_3248EB928073,0.09374241969920043
CC_325D5DC52B1F,0.09861419338955248
CC_32662A6DB78D,0.1362551877793674
CC_328DD3BA068A,0.15800769045797458
CC_328DF7798F91,0.13653600822856224
CC_3295CFEB188B,0.1431344566857679
CC_329DC79286ED,0.7137936528859316
CC_32CB77D55C73,0.1527315480520971
CC_32D129B9E651,0.1597791480738259
CC_32DB12551D37,0.5957090776519799
CC_32F00D77D5CD,0.150931981593731
CC_32FF5F6892D9,0.13005184976305806
CC_3301EF60877F,0.2007778153646599
CC_330F334BD816,0.11546588536734785
CC_331285B3494C,0.15633642361618938
CC_331364283D5C,0.07829521423535743
CC_331718E0F54F,0.1481531202568131
CC_33194D48FF66,0.10221895609053204
CC_331E8B8BCAB8,0.08789047820486931
CC_33254134ABA9,0.722912441267502
CC_332E42439579,0.09166274196232861
CC_333102AB964C,0.12545862338955865
CC_3338AC0E8112,0.18455093623985058
CC_33656EEDE6F2,0.5582049066622617
CC_336777D934E0,0.4013265412389838
CC_336DBFE464D1,0.4142275203234982
CC_3382BB2F3152,0.1291738154196097
CC_3387207793E4,0.010695932201385372
CC_33992C973839,0.11239406859501583
CC_339C36703675,0.1607433635828019
CC_339CA5814519,0.13568983551334118
CC_33B157F2A921,0.1151832749053352
CC_33BBD10F239D,0.042116029684064915
CC_33D3B12EE56E,0.12110622283156547
CC_33DB68EA27CB,0.11316327898652662
CC_33F0B95E70CE,0.23828002712553792
CC_33F40275D630,0.08414037039552562
CC_33FD5DE22692,0.11625152857578236
CC_340961106343,0.12390192316317575
CC_340BB1F4CEF0,0.14071451209936026
CC_3410B11F1FA3,0.08032226789789679
CC_3424972707B6,0.5538918444431519
CC_34452758A645,0.10311237465092205
CC_344D239879D6,0.1431910914183716
CC_34503B6891CE,0.30861774691718113
CC_3451722A3813,0.15374851667737488
CC_34517B513D8E,0.4097093189120619
CC_346ECB4CF2F8,0.1290341118555162
CC_3478E8B6B56A,0.12441457246018295
CC_347AFDE16722,0.09781378679277421
CC_347B1A01467F,0.06887607027692577
CC_348AA62FF484,0.268759636422806
CC_348D3F098A4D,0.11662515975448368
CC_349290E4D0C9,0.13156261376196737
CC_349347D553D1,0.2566342563233731
CC_3495CE27BB05,0.2289105450951755
CC_34B10A654721,0.11150805117909812
CC_34BD2C5130C8,0.10439822851773226
CC_34C433439160,0.09397065335063151
CC_34CA271F73E3,0.35117038005627293
CC_34CEBEA3B15A,0.12991874614260063
CC_34E58CF793A0,0.2713400723165373
CC_34E6909B6027,0.3660213250687809
CC_34F4292A8B5C,0.1447288041519162
CC_34F6DD223594,0.08852807227312995
CC_3508A7A5E9EB,0.1245191766469978
CC_35094977DD75,0.11136450328545545
CC_350DE157CE6D,0.2403929711235678
CC_351BD5C2EE8B,0.016505338881051934
CC_35486249EDEF,0.1883217750300609
CC_354C9ABE6DDE,0.10278275183351021
CC_35578162927A,0.12208389190417293
CC_357C3E7518D3,0.5865386008552969
CC_3584C15BF11F,0.09934930848137663
CC_3588C5166872,0.09442587731131283
CC_35A68306B19E,0.10976568375629736
CC_35BFB3093D02,0.03843954715104991
CC_35C085ED37BD,0.46616957197153563
CC_35C695C13279,0.08567357625982838
CC_35D1668A4C13,0.1240049249754501
CC_35D27495E0CB,0.7248053112934532
CC_35D562E1DBE1,0.6386355096593479
CC_35DCDC74A757,0.42196923907052497
CC_35EC2AB1D1EE,0.1429698171748667
CC_35EEB90317B9,0.446995214602357
CC_361A9EAF7706,0.31721460459337836
CC_361B968FEB98,0.22382036897174476
CC_361C9FA031A7,1.0
CC_3620C5D1B3E2,0.11826005333690717
CC_3622D7221940,0.0
CC_363175E92F74,0.3279977212188049
CC_3638C9146BFC,0.14171006122413837
CC_3643A4C7EC5C,0.03563019783840399
CC_36690A9AE112,0.7535869242645188
CC_36719170F638,0.13695773714031984
CC_3673466BA7A7,0.1737465164843715
CC_36847054DF52,0.33590602623397803
CC_3691CE792752,0.6309846967658159
CC_36A27FE53743,0.4053592540689525
CC_36A3FB06D1D8,0.8229992302515066
CC_36B0F2AD5413,0.15035451262519658
CC_36B1B7BF5F75,0.07879824002884278
CC_36B68E66951E,0.4109909893981559
CC_36D3F09AD810,0.4101827761074609
CC_36DBD8424220,0.6339168155595969
CC_36E5645D8018,0.012743974820355525
CC_36E6592E4E23,0.12226215302147098
CC_36F143AEC864,0.13444551256621468
CC_36F2A735DF73,0.17137350603147972
CC_36F81C003E8F,0.0029925128499131703
CC_36FCD55EE425,0.5387804072769116
CC_3701D5DB7FA1,0.076039811515722
CC_3706E1EB2587,0.5296980089390546
CC_370E0F8EF86F,0.40665499377602854
CC_371D47444D5B,0.6912107733909418
CC_372CFE308EA4,0.5389068751122869
CC_3731D90357A6,0.30617761806969945
CC_37322F66C543,0.0
CC_373539DE38C5,0.09115212425134167
CC_375225700242,0.2904798152025389
CC_3762D0B6F3C2,0.14484935788182096
CC_377A277E831A,0.15444399729090372
CC_377B6066B91B,0.3644731760779738
CC_378D71726B5E,0.0
CC_37A46BD0DCBF,0.1017460529575973
CC_37B447368F02,0.8058296752221022
CC_37BFDFE369A3,0.12264369333016267
CC_37D09FE492BD,0.10739230512229095
CC_37D3F4C07235,0.2260550075138948
CC_37DDACE48E3C,0.13062583281330511
CC_37DEF85C0A37,0.2877669218056018
CC_38020CED9EEF,0.08049455861384619
CC_382207621EC5,0.7785471306226721
CC_38374AB27F95,0.07302112254238391
CC_383A5544DD5C,0.13731279329094398
CC_383C129A5B96,0.23066133213659507
CC_3847AAA649C7,0.10186745678926085
CC_3849D992C1E3,0.12076320601705609
CC_384BB17F0F0B,0.6743615846340991
CC_3851177E5E76,0.11773638723301193
CC_3862F88850B8,0.3176163109418862
CC_3867CFCFCC94,0.3039059209000784
CC_3872ED018F85,0.2101527402237887
CC_3881A587C072,0.10422744518659097
CC_3882F8EB5EEB,0.4344823425191239
CC_38911341EA6C,0.07610875521455696
CC_389E5B71E254,0.44407249494788054
CC_38A0DBCD3728,0.0
CC_38B3E9142747,0.0480744561638724
CC_38C1B8860300,0.08878494613169045
CC_38C8CF250B60,0.10127286600024056
CC_38D32B790B4A,0.18854787818588142
CC_38EB304A9915,0.07475483590629287
CC_38F26461C872,0.7824667484742858
CC_38F942257E28,0.44114203148953757
CC_38FA5D78A8A7,0.1263754630986368
CC_3903D7BCCA95,0.1287482263550962
CC_39043D7ED04D,0.16359441846313583
CC_39098B256732,0.13564870460963974
CC_3909A2E4C679,0.12705829931724957
CC_392344DF8D55,0.20772969540744554
CC_392628C8AD47,0.18741999613603344
CC_39285F4C42BF,0.3661071091282274
CC_392A376EA1A2,0.12105692052160653
CC_3932E086F150,0.23685544169759676
CC_393D1D3640D0,0.10636106556992912
CC_3943B3490B49,0.7750413255016061
CC_394DE164DBCD,0.14550004193780702
CC_395600E84A54,0.17133293506771613
CC_395D181A7E1F,0.17242254043062524
CC_395E8CACC437,0.21566085418469796
CC_39635AC6A70E,0.01687712341242395
CC_3969352E3ABC,0.0947998133767473
CC_3985C0DF9CB5,0.42567789975260334
CC_3989F2C6A9F8,0.12757538186391582
CC_39A82672A1B2,0.09708176303831051
CC_39AA15DAE17D,0.6612348706659399
CC_39AA2A3D98CC,0.0539739079953124
CC_39AC257B00C5,0.10450033473371026
CC_39ACC63CDAEE,0.11444713381685194
CC_39CE40784C2C,0.14072030122782325
CC_39E1A306D418,0.12558925165259358
CC_39F2B11C46D7,0.1057768804049537
CC_3A10F5F50A27,0.07407208446295227
CC_3A27CF9D162A,0.4667032823218908
CC_3A297424A7F7,0.17782189705495538
CC_3A39F7930BF3,0.10375861344661863
CC_3A57566F9977,0.522382415997582
CC_3A61121254E6,0.08430619166833433
CC_3A81C568A7F8,0.20511208014635318
CC_3A82E7050A4D,0.04830830982323936
CC_3A860AADE6CE,0.1401889504094922
CC_3A8B3FC29C9E,0.15341477473035844
CC_3A8E9056A5A2,0.12212446642538961
CC_3A9617A5777D,0.2694145807794593
CC_3A99D25777CD,0.14189198433773417
CC_3AA9E8D01340,0.464955382178818
CC_3AAEFC09C290,0.5959730298511067
CC_3AB5E579843E,0.22421740892140532
CC_3AB77A30AD40,0.2313817564713038
CC_3AB7BA36A414,0.2960489522558017
CC_3ABA830A5BB2,0.2199791209991298
CC_3ADDDA550A57,0.18320953234757323
CC_3AE7B1151DC9,0.13286166612256672
CC_3AE9A209EE00,0.0631912120127804
CC_3B06FCD75C98,0.10771691768247774
CC_3B0722FB5E8E,0.3424121913697992
CC_3B1C51DD7429,0.16862807658264656
CC_3B1F4696D710,0.652843984146559
CC_3B224413A072,0.26496344956946005
CC_3B35C3783CCD,0.2362305686599287
CC_3B3626F3DF9F,0.2998298059189784
CC_3B4405C7E486,0.5838780191407615
CC_3B4C4A9C9D99,0.33668692928968935
CC_3B72F0E9E3F8,0.19595366538443953
CC_3BB02A95C6C1,0.7319950361264348
CC_3BB8B675C2BC,0.34401511954877223
CC_3BC51B069218,0.17592573324944405
CC_3BCA5BD201AC,0.13937624331383405
CC_3BCAC9793441,0.29468574437681366
CC_3BCBC867AC4A,0.04220105929410273
CC_3BE51412ABE7,0.3222940183339573
CC_3BEA98B401CD,0.6326069865405021
CC_3BED6DF1ABF1,0.09724487285297873
CC_3BF0BF7CF827,0.8689329994315668
CC_3BF110035599,0.6503649886044091
CC_3BF213810DEE,0.6345288125363993
CC_3BF21CA88D3C,0.32753139724372704
CC_3C0E29764C71,0.04485403771048935
CC_3C19509D4636,0.17991742882145556
CC_3C1B038BB068,0.15187561802619767
CC_3C594CADCA2E,0.2168384433386995
CC_3C5D909498F7,0.8350794337761241
CC_3C68D5179A01,0.15758585401838437
CC_3C83955704BA,0.7139134720488491
CC_3C93218F41B2,0.26923221953762605
CC_3C9CFC8FB4D1,0.743967034477014
CC_3CA266EB55BE,0.08587836444120099
CC_3CE49C937F7C,0.1591707628837981
CC_3CEEB9C04F0B,0.13510907565678798
CC_3CF504AD4DD9,0.09455427140317706
CC_3D1092DBC5C2,0.2169605042159001
CC_3D185833E7BB,0.06339854987763383
CC_3D2309981121,0.3408383726874178
CC_3D27A0086AA6,0.1262956396497486
CC_3D3BE7D0F4D8,0.08326439480968806
CC_3D412B5EA919,0.11545099614087032
CC_3D47650C6F30,0.10779916150751123
CC_3D55D1FD8457,0.08223527734755577
CC_3D599501BA76,0.11389382115759068
CC_3D6181EE3C87,0.5699345149468722
CC_3D65CC165F44,0.2082582958048882
CC_3D6CF6DB8014,0.3586637212253533
CC_3D7C14801D40,0.18637464827317723
CC_3D836BDBF866,0.8074607507568389
CC_3D8DF3A3DB71,0.7925142882710106
CC_3D9309851089,0.16335962103528484
CC_3D9ECB4274C3,0.1128079921004434
CC_3DC8A9A92802,0.3171714892422165
CC_3DDD3813D1D4,0.1402067978242113
CC_3DF3FFB3CFC7,0.2572214696696158
CC_3DF88701601B,0.1745146846474322
CC_3DF91A482CFD,0.3320568724300292
CC_3DFD6349D046,0.6791404662727605
CC_3E0D54125AE0,0.17500290942463792
CC_3E10CFE1DD57,0.0669567909382464
CC_3E13CB98572B,0.2519505298003156
CC_3E142C8ACA6F,0.18207665766686715
CC_3E1BAC4E5B90,0.0908228289867037
CC_3E2DD0D1E2D8,0.14637300996656238
CC_3E403BF08A45,0.07706725544504539
CC_3E46368104AE,0.0937188809449371
CC_3E48A086B5C7,0.31966218342452685
CC_3E54451B0F6D,0.09171703420579433
CC_3E6335ED3F4F,0.12329182725538848
CC_3E87A65C50A5,0.22528739407323528
CC_3E91109E2090,0.11758773033530931
CC_3E92A1EDA618,0.14187750563163065
CC_3E94684FE270,0.42675947202562137
CC_3E9DB402F352,0.2008189769390235
CC_3EB5A15A6C04,0.769152380707765
CC_3EB8A9A6C49D,0.062296891064510834
CC_3EC96BC884F2,0.1429732502330675
CC_3ECA9E44B90F,0.20979755992481144
CC_3ECE4EF16A44,0.09240464463565201
CC_3EDDB8E70F57,0.08601220267823625
CC_3EDF137D0E1C,0.13283821121906078
CC_3EEEE844410D,0.350999490971306
CC_3EF4F348C967,0.13152572832063886
CC_3EF91DD11A81,0.1357257300950815
CC_3F08C55E7A40,0.29971912973320297
CC_3F171CED0CFA,0.024077138391268404
CC_3F2544EFA753,0.1428652660862163
CC_3F28F3286CCA,0.16738630419673875
CC_3F379CB37B0D,0.1253137117296542
CC_3F42D798AB1D,0.5862040070930618
CC_3F48724540D5,0.13722998976818845
CC_3F68068E2D5E,0.024399505718607745
CC_3F7FBE71B77F,0.09465337072714392
CC_3F80017B8599,0.10319426785337876
CC_3F8B17953200,0.08408155423274666
CC_3F964BADC4BC,0.824978279421925
CC_3F9767602FCB,0.16223543644677377
CC_3FA84F0B23CE,0.09313803308891455
CC_3FB4B189143F,0.1367052268332467
CC_3FB7C976EB26,0.2818960313845841
CC_3FBCEB2F36D5,0.11547562244275925
CC_3FC4FE843245,0.09130920179065427
CC_3FD52E32FE8B,0.6193830101979896
CC_3FDB44EC6254,0.03802673323748024
CC_3FEFBD6DC62F,0.2732852159716517
CC_4005466D00ED,0.24276661552232082
CC_40095FFBC1A2,0.08024698778017597
CC_400F1887A662,0.12123733479284507
CC_40133FF3069C,0.08439056671352103
CC_401C6F0EED5A,0.13031847915681116
CC_4021AD03FA01,0.16983907270973064
CC_402E91F3A56C,0.13500086787184204
CC_403754B6988D,0.14524096241487142
CC_4052DFCB1656,0.22909616543117628
CC_40579C5C13D5,0.8242532645106657
CC_406937FF97E7,0.15923736536748812
CC_406C4233347A,0.15263532098212113
CC_4073E42E11E4,0.1865296960884371
CC_4077BB12A5F4,0.135879651788478
CC_4077DD5B5C4F,0.17022408995790284
CC_40824D899215,0.1305749346249488
CC_408D79189FBF,0.31972200852750304
CC_40A3F1D5EA0F,0.3158610524092216
CC_40A852A592FB,0.15863846048109514
CC_40AADA91D560,0.11220266932776862
CC_40B39CB2CC58,0.06883083014677921
CC_40CE2030F058,0.1814617878218142
CC_40EA2F8481E8,0.20449549706527473
CC_40EFD7778F98,0.14544941246342055
CC_40F278D49681,0.17522770408964827
CC_40FFCF631F19,0.5336107328597505
CC_4101D1B82788,0.14932617131520878
CC_4109B79A4B06,0.021212544862236088
CC_4119348F051A,0.13106192837815273
CC_41206EE45803,0.12652172852465288
CC_412DF740DA62,0.14263866552010573
CC_413AB4CA7451,0.16580278524601177
CC_414C06C60FF7,0.9645882196667918
CC_414F50748A51,0.09394350806717215
CC_415C65EA66AA,0.06883136784313526
CC_415CED95F7CA,0.1300311197692881
CC_416584250060,0.105199034122776
CC_416B3A1F0F0B,0.06455183371224552
CC_41735021FC7A,0.2246788222038647
CC_417858CD20F4,0.11549301884635471
CC_41902EFB3974,0.04138793199897278
CC_41A27790EFBF,0.10367003698062074
CC_41A4A223F39D,0.01645334648724711
CC_41B464757ED6,0.09568994165736577
CC_41D1A87E1136,0.3989320325108485
CC_420FE297808E,0.10954304528638006
CC_4211096D5588,0.12036291228493504
CC_421F4D78128B,0.49550708128440935
CC_422F2780C85A,0.3056449964420425
CC_423B0296BE24,0.11532988407645743
CC_423E78000AA5,0.14649937867332055
CC_4246081DD359,0.05605974887933465
CC_4249EDF2FDCC,0.7958855240503003
CC_42568C67F412,0.3563928457465771
CC_426A25EA9E21,0.7630715190846867
CC_427ECDDEECE6,0.27776704288295695
CC_4289EEC8F0A2,0.14329421655620228
CC_429A7158AD07,0.15231662635165855
CC_429C51AE729D,0.024067002004389104
CC_42A0DE1E5E80,0.12002562611733607
CC_42A7D0F5388F,0.0904030878057904
CC_42B23C8C9F66,0.14212746381865476
CC_42BD3999AC3E,0.3375342824777539
CC_42C95B199130,0.3574810032404252
CC_42CD6CE97523,0.44464392122814544
CC_42DA114F12A2,0.2308437734834043
CC_42E2736AA331,0.217613399162718
CC_42EA825C351B,0.3858937649005789
CC_42F1B2B4D258,0.6269081216522889
CC_42F4588EB38D,0.32051709248790644
CC_431F29A12E99,0.15143945274416853
CC_432EB78A198D,0.13581669131423219
CC_43383344BC72,0.14169401438351936
CC_4339187DD10A,0.06231825411996826
CC_4344A2E7EA1F,0.4901511702648473
CC_4347468ABE51,0.5104914644961547
CC_434894BC2577,0.040055925741705634
CC_4362DB93FC92,0.09730456421374557
CC_436850DDC704,0.13808978438738895
CC_43698E2EEA0A,0.12020648534767765
CC_4387F73F131E,0.13891799174970398
CC_43A33C994C70,0.520538381928161
CC_43ACD82B5514,0.23968935192824992
CC_43B37131B8FA,0.13591634750301324
CC_43BFCAF8BD20,0.09435443372315361
CC_43C060E01266,0.18443410924014886
CC_43C41AF27375,0.11041559571424188
CC_43C5AFA48B93,0.11289735945661816
CC_43C767A44C55,0.15979931513758835
CC_43DECAB53552,0.04884193213707566
CC_43E6D931158D,0.4000524172013112
CC_43E9F88019F8,0.025248849261933937
CC_43EBD6EBD675,0.08341032888000122
CC_43F81C577002,0.3122560172297779
CC_443C4E041687,0.1112570992507793
CC_443F63BF238A,0.16511436934965834
CC_4463776F9AA1,0.05328560734214427
CC_446F1EDF03C8,0.16004970108722866
CC_447BAD4F7820,0.7969145223295814
CC_447D02F917B5,0.09771231201530228
CC_447E705746E2,0.19768761513243577
CC_44A017104F93,0.5887916990337854
CC_44A1E58CDBC0,0.04592754269417601
CC_44ABCC04C418,0.13720954451532408
CC_44BF6BCCFC2E,0.10376066548151879
CC_44D0671A3B87,0.09979498388943671
CC_44DBEE3A7D81,0.13368069259101578
CC_44F7DD6A88A1,0.18498829934137795
CC_45080C42280D,0.17403978906937115
CC_4524AD74135F,0.48178735866886274
CC_45262103231F,0.15557246803013963
CC_452D8C5D039C,0.8171531657926981
CC_452DECDBC90F,0.08723233609588872
CC_453C9B3A5992,0.24510520106599604
CC_4542AACA1FE4,0.1219683195428097
CC_455209549D3B,0.8387861827039392
CC_4555C804C4D0,0.09906411832235629
CC_4581E4190B2E,0.11640108932521098
CC_458912F91D6F,0.3900668646871773
CC_45913E1BE65C,0.3245651803012722
CC_4594791FB40D,0.12116900279923652
CC_459B49073E2C,0.3202023034210341
CC_459EA8E0E2EF,0.1295799765750361
CC_45A4A38557E9,0.13847436277051228
CC_45ACE2B1DB6F,0.08116189009432392
CC_45C1A92F0E8D,0.12977122149144207
CC_45D0673EDD20,0.13661658765343115
CC_45D70DC84DA0,0.08803492749149927
CC_45D96479EC1E,0.1183777904349306
CC_45E8597BF74E,0.11405071910447366
CC_45E97246F83A,0.11603274728797769
CC_45EC44761309,0.1698295670314624
CC_4603A6F83E2A,0.11960834207595175
CC_46045CEE8330,0.06315846557857008
CC_464E17187A4E,0.38380802663319535
CC_4659FB4B8536,0.15156337487420746
CC_465EF4F9B68F,0.15110910487041734
CC_4663FDE62E3A,0.21039145495192502
CC_466D54BE0809,0.11575333394012934
CC_466ED9BD34B5,0.12857917610313735
CC_466F7908E13D,0.11214986377151748
CC_4695A5525A11,0.14698610335193163
CC_46BBB8A4854A,0.09956533487616614
CC_46BC61EC8F2E,0.16010703053053066
CC_46C0DFA660B0,0.1772799718763841
CC_46C2DCF84CA0,0.06480294171101632
CC_46C38B9F0D8E,0.11839149460841134
CC_46CAB9AE7C87,0.4256432418807985
CC_46D0D1ADEA59,0.1564211252121152
CC_46DFC1AA0821,0.8541833329975886
CC_46ECA5976180,0.21133582231142567
CC_46F5F6D27991,0.10790146734371758
CC_46FE9F226120,0.2446123803723081
CC_47130CC63FC5,0.13728585988061792
CC_472330768F5F,0.12505231730825456
CC_47292EBB8BD1,0.13348709789025048
CC_4734AB1281DA,0.08131257939598388
CC_473989E6BA47,0.24530811106192624
CC_473AE07014DC,0.1285418104248373
CC_4741EF45C3DB,0.3028603097119283
CC_474586BE49EB,0.17883079906780183
CC_47490BF44944,0.31152339867567014
CC_477213DAED38,0.09883080810921213
CC_4778086276B7,0.13325374932127132
CC_47910B073CF3,0.18449594356387716
CC_47939776FDF6,0.7734031444690098
CC_4796F6A64420,0.137032115443041
CC_4798549B52ED,0.27821098616803364
CC_47A3714E7D2E,0.2900095074145675
CC_47CE219EBAAD,0.23211701546195884
CC_47CF9074E03E,0.13016669036293654
CC_47E4537A53FD,0.19737344692076436
CC_47E8BC938FA1,0.2388675206161221
CC_47F134D17818,0.12956946397069868
CC_4812FBE05C7C,0.28731968839094163
CC_48152725FAB1,0.4722193566605722
CC_482256495FAD,0.8645213980272644
CC_4829FF15D21E,0.2093089675729674
CC_482D26D81935,0.629249228320914
CC_4838990A8D02,0.07983788751434759
CC_4862EA9CD1DD,0.07982267735123376
CC_4862F8C1B0AC,0.11750633925134385
CC_486CD67D26CF,0.1816171984935035
CC_486D8F9AE549,0.26174400925718555
CC_4877D1BDB737,0.15590028299293895
CC_4885E34F0B26,0.2480282833202052
CC_48928CA8082E,0.19454557737512862
CC_48A74FF0E6C5,0.11868414691489079
CC_48E0791DDD62,0.19290488291953561
CC_48F620B6A472,0.10846205303999934
CC_48FDBB1D7493,0.18485680934169377
CC_4910EC928152,0.13302663874791504
CC_491C18C17767,0.09146619228082621
CC_492F65EF8D9D,0.8507211944860574
CC_493DDD53B97E,0.06923795690854961
CC_495F82AA5B9B,0.21727490528284066
CC_49618412FF86,0.11974546466127854
CC_496A7CFA344D,0.8263986770572245
CC_4983EBABAE3F,0.15164547949909474
CC_4992C1915957,0.6773214541799524
CC_4993B31028A7,0.09029355472128772
CC_49945441A644,0.160165850999881
CC_49A80692BC68,0.139445604590632
CC_49AB67613A58,0.1590104163384276
CC_49B05CADDD95,0.5215286021378199
CC_49C6F9AD111E,0.14513424402222808
CC_49CEB94F0B3B,0.08531369171121872
CC_49D3A79B55CD,0.14823210135112794
CC_49D6671DAE8E,0.11329785766520636
CC_49E6C539B1CF,0.08473011403149364
CC_49EEDF0DA684,0.07407098966970271
CC_49FC290E33A7,0.14515333771104721
CC_4A01CF2F67D2,0.7211215559335908
CC_4A16DC668832,0.444520254450944
CC_4A212461781C,0.10247727849377718
CC_4A237A8E6706,0.13307018584174576
CC_4A3DFA0E27A4,0.1276302742981871
CC_4A513D39DCE3,0.06785230360732689
CC_4A532B0E6165,0.15851155055702248
CC_4A5FA9F1C804,0.10087915839373027
CC_4A7BDEC665FF,0.12778704304985622
CC_4A7FC9B23222,0.23141884450898764
CC_4A8A7080FA25,0.3327824578895685
CC_4A8EFD589879,0.10852858001355394
CC_4A8F7D2B857C,0.17115063031092725
CC_4A91E8D4289D,0.35205775384610316
CC_4A93163A12F4,0.3282320902973874
CC_4A9FEF48EA65,0.2584722194041166
CC_4AA73D751AA5,0.319836738044161
CC_4AAED0C85F70,0.13616632142170418
CC_4AB1DEF044AA,0.06526921043803477
CC_4AB5AE299217,0.13377501521693697
CC_4ABA0CDC2270,0.11368134688447641
CC_4ACFFC2F295F,0.7742278120258231
CC_4B0490BAB1B9,0.11537247291674299
CC_4B28B03CEFEA,0.09635857477825466
CC_4B420765EB9A,0.09327806142565982
CC_4B47C16D9867,0.11847173781726952
CC_4B494C4D7D03,0.35860168419842375
CC_4B4C84B015C2,0.02062797604404265
CC_4B607295E983,0.03972522623806923
CC_4B6D24E81483,0.10311752798702689
CC_4B77AF6FAF2B,0.7308089173528786
CC_4B7EC3F2FFBA,0.09686501170426327
CC_4B85318DFA50,0.12765794642312883
CC_4B9B36B36DA5,0.7173966816816804
CC_4B9E0AD5D692,0.35649838331173467
CC_4BA041C9678C,0.1813532954219355
CC_4BB40F2129A6,0.11234527658102708
CC_4BB8FD274E2A,0.04668721973740045
CC_4BBB8118FBBB,0.14812509458825723
CC_4BC8CB91719F,0.13625352913262173
CC_4BE447D54BB8,0.13966330936225096
CC_4BE85B1BDB62,0.3859318286707306
CC_4BEF3C7F6395,0.18049396155795194
CC_4BF03FF61B97,0.48315813683137987
CC_4BF4C38EAE8D,0.24733518562546122
CC_4BF95B8140C8,0.15030219929683708
CC_4BFE0CB61B5A,0.29176499098003744
CC_4C2A3F254101,0.28799040093319256
CC_4C351DEB6230,0.12768955950617825
CC_4C38031A2A9E,0.13249641764038603
CC_4C3E35875F03,0.10885157086892705
CC_4C4D79F933B2,0.122747007450548
CC_4C56497F4AB0,0.6076203599918062
CC_4C827B493CFD,0.17703795499483044
CC_4C849C6073AF,0.1339206281844398
CC_4C869E6F618A,0.21962975119046851
CC_4CA21C15763D,0.14393504521283135
CC_4CB2F1CAE684,0.16399080909008218
CC_4CC0265E0778,0.11488224296225585
CC_4CC5483903E9,0.39958575514984146
CC_4CD7C76FE235,0.4234873600605239
CC_4CE2BFED4F4C,0.16288746467616894
CC_4CE751CB58FA,0.395024774152918
CC_4CF3E184C500,0.035589187624819135
CC_4CF668E60D64,0.3177702697913738
CC_4D1A1AF53E18,0.0
CC_4D29155FCF33,0.10666162296263133
CC_4D2CC7618AC2,0.5285044582168946
CC_4D350FF7402B,0.28569369517030774
CC_4D38AE84E3CB,0.13697454308094664
CC_4D4140E1056D,0.14206701848300526
CC_4D5545FAB130,0.6855484813047505
CC_4D55E218946E,0.1231908570271337
CC_4D5E14BD6AFA,0.1321734839048275
CC_4D78935D66E9,0.09001936626891215
CC_4D883AAAC6C9,0.04011008781277939
CC_4D8D8108C51E,0.6302834182318396
CC_4DB40331777A,0.7746572274088136
CC_4DBC8652D26F,0.11494952591031285
CC_4DC0E154EBB0,0.8487652996281168
CC_4DD5B8780C4C,0.10906117955993898
CC_4DE0070FF683,0.22633669378612897
CC_4DE688CDBC27,0.1207611271710359
CC_4DF37857FCEF,0.12730833745039422
CC_4E20F0249BC6,0.8816775125726816
CC_4E2F01B7B9EE,0.19685866810092664
CC_4E41C247B4E5,0.23189505620565143
CC_4E479F6989A1,0.13085189318657076
CC_4E48AF17BC29,0.08542444467766414
CC_4E6BE67E3C4F,0.03426192975454351
CC_4E70939C5933,0.48902653954706443
CC_4E70FB172717,0.16745642312602585
CC_4E726EE8C026,0.2037482109396841
CC_4E76F48DFDEF,0.1776362046101549
CC_4EA180B2B913,0.05854787731145791
CC_4EA67A160C3E,0.5189607411288713
CC_4EE41FC91AD2,0.1260987695142527
CC_4EFECC6C2E36,0.6230216891924671
CC_4F22CB97C34F,0.06993807352338473
CC_4F2444DC6C75,0.9438646321808825
CC_4F2B7F512DD5,0.10082739955306197
CC_4F504A9744FB,0.146150187186389
CC_4F6FEE589187,0.12695948194031964
CC_4F71AAF96C32,0.11404517521651722
CC_4F76E57C55EF,0.28038209268279557
CC_4F88D3E5AA2E,0.03802352957740596
CC_4F8A4384F6DE,0.14570114220110492
CC_4F8D83DCCF25,0.141489753970414
CC_4F956AA47816,0.5957816636463563
CC_4F99FCEA10E8,0.15241317202269747
CC_4F9F10A183F6,0.18077316603667573
CC_4FA766935F14,0.1261221431114247
CC_4FB0B9E398F2,0.3765240081977034
CC_4FD0DF6CA3AA,0.10119296312105139
CC_4FD902F7ADEC,0.1543875773771048
CC_4FF1155E3A6B,0.22247718798910365
CC_50103368F241,0.07878567235961768
CC_5012B9991935,0.19728365533205428
CC_50172FF2C2C1,0.15214071981788174
CC_5017C9BA7773,0.08714752660216633
CC_502C3D0EC4CA,0.08774139185396108
CC_504157951119,0.05131084495569729
CC_5042938B5A9A,0.44509485964794687
CC_504A57293FE4,0.9372132005918191
CC_505812CFE43B,0.32330704311466446
CC_505A6EB06E39,0.20452950363363775
CC_5064CCE0EF29,0.13798704058691735
CC_507BDF639FB5,0.16668934844578914
CC_507E53684AB6,0.1410085117420832
CC_5087A0D1765D,0.1605267498059778
CC_509229AEC221,0.19712931430559782
CC_5092D3A72B03,0.21818149814234525
CC_5092DF691F74,0.5235693766739404
CC_5094BB59416F,0.16403964490240014
CC_509926B384D8,0.748363681739872
CC_50A6C96DA7D3,0.0662388044543564
CC_50AE75A10F3B,0.19027658679648082
CC_50D4BB93EB1A,0.14816423563534156
CC_50DF7B02E356,0.1353412656621317
CC_50EB53CFE7F8,0.1007402943531584
CC_50FC7D563CE4,0.14864109511074822
CC_5100E6EAA3FF,0.18974402353552294
CC_510F2944B2A0,0.1301254886894014
CC_5128881AAD54,0.008972303682415167
CC_5138941DB7A2,0.13737623315689554
CC_5139EF8BEAFB,0.1481961083033665
CC_513E5EEC6B04,0.1110602748718311
CC_51427EF15375,0.28538199967227706
CC_5147B281DA64,0.3252972863493802
CC_515D968ED36E,0.12235141318699227
CC_5176FF858154,0.09356294681166036
CC_517CB40FB016,0.07444700304689333
CC_51884D5F3E4D,0.16487518539150942
CC_51AE98263438,0.21734504710506403
CC_51C9CE782368,0.15007574646539398
CC_51CC80D1570F,0.13173052679364536
CC_51D2E3476902,0.14569763465519323
CC_51E05E706D64,0.11595379560211716
CC_51E5A5E9801C,0.08435429266617636
CC_51F5DA44F9A0,0.3690404218640866
CC_51F6BDD355F4,0.08569103879033227
CC_51FE657FE212,0.09642449855228716
CC_520950C9BAA3,0.05621443679178073
CC_520B1D31AB99,0.15662181485998183
CC_522550E1761D,0.6646960013766534
CC_524CD519E76B,0.15178721430946418
CC_524FE9E3DAD3,0.5990391485845994
CC_52629A025048,0.1468312143079322
CC_526765FC100C,0.27704355218550936
CC_526E56249FFA,0.30275911500057984
CC_528B42A34966,0.3342031465551303
CC_5292B36E4882,0.20580524167066044
CC_529A2F110236,0.13814557143154887
CC_529BC4ADAD6A,0.2692896545209602
CC_52C1C5A6F887,0.10299149475046113
CC_52C3B674FDFD,0.13061322904924913
CC_52CCBB8F9964,0.21466829027442647
CC_52D21FFA24DE,0.7328143659309009
CC_52D32EDBAA78,0.1452084264874724
CC_52D7821A8363,0.15224636114832912
CC_52D9087EBCD6,0.7199438063205603
CC_52DD62E1AC2E,0.137649884732083
CC_52E8B04F0FA0,0.1180713239163214
CC_52E965E9E2C3,0.11756408712784713
CC_530BA492842A,0.3023715018876725
CC_530F6E906D6B,0.10543809788232406
CC_531FCFBE3B13,0.07035641839310658
CC_5320DFEAD897,0.15160877516549326
CC_53319AE7B829,0.5665762330884523
CC_53481151859F,0.1036398241990492
CC_534D4FC05F82,0.12324965239533581
CC_53687DA8C9E5,0.16024305402860534
CC_53795A7B7751,0.08118342746473331
CC_538328A6B3BA,0.5362144821153726
CC_5385266461B1,0.14975732420414678
CC_53891CB35BF8,0.23028587414496246
CC_53A6E1083B13,0.12699750823671652
CC_53A77DA726A4,0.09971895463108707
CC_53ADBC2F6E34,0.2527360393530328
CC_53B249809561,0.10310484532713246
CC_53B2DF5B019C,0.09078519605406792
CC_53C1F3E031A3,0.18978683040497712
CC_53CBF2E8AD05,0.564705619937895
CC_53D04793ED9D,0.0955084046945624
CC_53E23A9B6F74,0.12934097282323304
CC_53EB59C99100,0.34461078204684786
CC_53EB9AC04311,0.09516384415511459
CC_53EC732C9B30,0.05692909381252598
CC_540122E71534,0.1430800918260443
CC_5405C89DF8BD,0.6165303712661582
CC_540D69F5BA23,0.09489867448753074
CC_5414446319CC,0.6550467448227695
CC_5418410F95A2,0.17183269809492802
CC_5431A01C30E4,0.18162210077354268
CC_5452437FC605,0.257087147265497
CC_5452979BF98D,0.10399473948940016
CC_546EE83F84A4,0.6086831406283554
CC_5473268241FC,0.19481545430623265
CC_5474EE64D859,0.19141853471272546
CC_5476E2B2FCA0,0.14901180680894222
CC_54892024F98D,0.21883446741662005
CC_54B33C66DCF7,0.13039807253633096
CC_54CF66B660B4,0.3314782143614684
CC_54D3A35EC69F,0.13196486751486586
CC_54D6AE2665AA,0.16237587592648106
CC_54D93974E62F,0.29110666111896555
CC_54F5F552A0F2,0.138944296556941
CC_54FC3B361BDA,0.08739547123664934
CC_550135E8FAC6,0.11192146704686715
CC_55020AD0D117,0.05965637990147209
CC_55094AF7EFEF,0.13361157754277497
CC_55126E23462E,0.06053724779639995
CC_554C21CCAF3E,0.09832694935024378
CC_554C912C7DBE,0.10338610786407351
CC_556B02A2B401,0.28877954037013986
CC_557A0B0CD0F4,0.16496266588106143
CC_559A14E729EB,0.2956958626941228
CC_559F0DD4E4A7,0.2060132103323496
CC_55A82B4E57F6,0.13407727380820791
CC_55A98ABE4C75,0.17826590659693425
CC_55A9D45EA466,0.11416200687184963
CC_55CB872FF50B,0.2565710435088284
CC_55D9E3D58435,0.0950516747384998
CC_55DFF3C3BB46,0.04128793443400863
CC_55EDC3996984,0.10455131488685956
CC_56013299D8C5,0.23323034518968014
CC_560B519C1F50,0.0972950019552111
CC_560CABF0F5D0,0.20092083361944027
CC_56178AD87948,0.24252589379044523
CC_5619A7BB54EA,0.14813923575227494
CC_5624319D7B28,0.11749636404057628
CC_5625119D6C37,0.1329878154805214
CC_562BE7245E1B,0.8287370291544324
CC_563684010DF5,0.6487124670233751
CC_563EA9A29338,0.10309277697138447
CC_564590AFB575,0.08018742227181415
CC_565E01191BF6,0.6076165200300021
CC_56612A039382,0.13435838092167185
CC_5665FB827721,0.4246053020442205
CC_566932C3CC97,0.11682419825062067
CC_5671D59B2A51,0.11342819242582106
CC_567E7DD24A97,0.10541797081224409
CC_567F47F37683,0.05921301210831725
CC_56847A91065C,0.18214331494516267
CC_5698480F8634,0.13133163041536755
CC_5698B024CECC,0.48625353901549523
CC_569DC051A2EA,0.1269697280202751
CC_56A322152604,0.3307740340738812
CC_56BFD9A8335D,0.30218226020820843
CC_56C9379BADB6,0.05157681618593457
CC_56D410FD8F56,0.31345405042322005
CC_56D4549919EA,0.1003091208829375
CC_56D918CA6353,0.26091826379489774
CC_56DB30CE666D,0.12419418350477417
CC_56E760C3206D,0.14212368381418516
CC_56F73F905615,0.8193855791421533
CC_570683C088DB,0.050274334719203895
CC_571C6AFD00ED,0.40277532945812916
CC_5725663C3B89,0.054054331855661164
CC_57291D7667C8,0.20798349827754298
CC_57313F6E7927,0.2424577467348243
CC_5735F9B859AF,0.6484138679813396
CC_573B34826B2B,0.7049896415278064
CC_5744447CAF7A,0.08055149071756268
CC_574CC0FC7B05,0.17901570933583338
CC_5759E2982909,0.1168104591331259
CC_575CCCCDD7B6,0.44438692533936025
CC_57603A37D19F,0.047160804755519314
CC_57639D4995CF,0.261963959242046
CC_576E6676FD55,0.1309924249650814
CC_5775C148E05C,0.1532094122390541
CC_5798E560E9F3,0.7559100962551458
CC_57A486F61065,0.6688343585623387
CC_57A726458B99,0.10496170050129804
CC_57B0D41BD7D3,0.17816295177683622
CC_57B501E60C35,0.10316759251302006
CC_57CA90509CB1,0.5756983590882432
CC_57CB7673547B,0.1793557716003924
CC_57DE479CB61A,0.7976096377012803
CC_57E7F1A6B895,0.055595244300743
CC_57F13C4115FA,0.3548036962845028
CC_57F480CA9A42,0.12742593652449885
CC_57FDFC6DE726,0.3288137797063869
CC_5810468B76BE,0.1312508304379991
CC_5810F212B2EE,0.3632857290838828
CC_5817759E7007,0.010005387100477992
CC_5818B5089B3C,0.18388352064076635
CC_582C78363EB6,0.09417957906191184
CC_58391600720C,0.1373919167842146
CC_583D7B177F85,0.14128083089396473
CC_584C11014F63,0.13784300743549838
CC_584CDC12578D,0.1990181765467421
CC_5852F443C55D,0.10705702011863169
CC_58565AF0F70A,0.39933905693726596
CC_58568DF9AECF,0.25234294221035447
CC_5859EE6309D5,0.47452428219656856
CC_5872B45E1C19,0.8408736171293615
CC_58797A417EEA,0.2869033807061604
CC_587A4844B482,0.14790478809671692
CC_587C0CC3DD82,0.5892757646345261
CC_5881A04052CE,0.1012115716466201
CC_589A4E02EF81,0.16611185101069875
CC_58AB46E5655E,0.12355595245285408
CC_58B0CFC9F3D2,0.03821918532343599
CC_58BEFDA6B4C6,0.17235178562410808
CC_58D95C7247D5,0.06920764241490207
CC_58DBF3409D48,0.1830733466737344
CC_58E35A47B880,0.2072182689625879
CC_58E40EFF57CF,0.3599466326400672
CC_58F551219BD6,0.09543653619295007
CC_58FA76C6C45C,0.5084559984049509
CC_59018149723B,0.061152693537627076
CC_5904459ACECB,0.8044695419993705
CC_59088B2886E8,0.028664875676239876
CC_590D2E0AD18E,0.5439931057087393
CC_59146CA05E8C,0.132145612193901
CC_592592397DC2,0.2895545727308304
CC_5926F5B4E054,0.1330345431636169
CC_592A5A163624,0.224838939416818
CC_5941C323917F,0.07077120858683413
CC_594E4E86A1C6,0.16322861783836737
CC_595ADAA76A32,0.08813504662452679
CC_596A20270C3D,0.2135837642569289
CC_5970E93E11DF,0.24873744419053082
CC_597AD111527C,0.14301379897088842
CC_597FDFFA265C,0.07733559374727848
CC_599C287D2BAA,0.2899673488228212
CC_599E345094D2,0.1556879145788911
CC_59A4741B5A92,0.19465431739535088
CC_59BB3A5BA2A3,0.5317466574817475
CC_59BFD1200F6B,0.18162977571806674
CC_59C07CCAF4E0,0.22508275719708334
CC_59C49474B501,0.1413455965467329
CC_59CFBC2CA471,0.5919765688883081
CC_59D62BE0C0C6,0.18887604874881828
CC_59D86F572716,0.14618579733490406
CC_59DF71FBA4B0,0.08827969971343738
CC_59ECB7465DCD,0.05622252068676978
CC_59ED43A803B3,0.0
CC_59F5E81F4EA0,0.13473742341541078
CC_5A10371BE7B1,0.7468476040151902
CC_5A2F9A594A05,0.5352214909916447
CC_5A38E46246FC,0.34823200975446117
CC_5A3F52B0A07B,0.20671537298978143
CC_5A5507A49F6D,0.12026338902378628
CC_5A58A5E6DE82,0.13816198666350615
CC_5A5BB6DC1018,0.1443284051403314
CC_5A5C0DF50E01,0.1458730769951046
CC_5A633C535360,0.11627490031610119
CC_5A67E62D8D5E,0.6334111780483715
CC_5A6BA0007593,0.13720580170040586
CC_5A7513434C72,0.07768863303308227
CC_5A756D8AE60D,0.12503258999685943
CC_5A7C13841B7A,0.6524751365188677
CC_5A7CBB6E8716,0.15581266151036818
CC_5A83A1E25A2B,0.24516377469565392
CC_5A86EB53A14D,0.6268177193208893
CC_5A89E13CE597,0.3017314389461354
CC_5A9466D0CF9F,0.13517220702853044
CC_5A95331BD0C5,0.12939099850967484
CC_5A9F63C3E428,0.10738025169396888
CC_5ABC76FF707A,0.13497841584082887
CC_5AD0F1B43457,0.11001369492998682
CC_5AD82250C271,0.06275017315364975
CC_5ADD27165E38,0.6084611825475593
CC_5AF32E5C8018,0.15668965943947408
CC_5AF3690FA0B0,0.13380851951715686
CC_5AFDFAA63B45,0.14636620496390373
CC_5B025DA26FE6,0.14531290000622582
CC_5B07C7DE7E7E,0.2676354651233009
CC_5B08171A6880,0.16955090525371186
CC_5B09FB1A0BE2,0.12076228684204435
CC_5B0D6BA12702,0.3238516639412179
CC_5B0EF2D4C3CC,0.2909639800339364
CC_5B195D88C182,0.3330256725103361
CC_5B1F6FE71A38,0.10166349588728882
CC_5B247961602E,0.08015702662372343
CC_5B276421F4CD,0.08478030442272592
CC_5B289AFA1662,0.2754183569531389
CC_5B3A16421A31,0.10282434679819721
CC_5B3E78897EB7,0.09449569036081351
CC_5B480B44A9B1,0.10800764868811648
CC_5B546C3A21F8,0.2630236999345812
CC_5B5BC4023EE7,0.22716184017050473
CC_5B6D63DD34B7,0.09993732349044687
CC_5B6E868912E6,0.1161046768711308
CC_5B818D2581FB,0.24062760974189362
CC_5B82E8BB921F,0.27081212489066214
CC_5B8E8DA14EE6,0.14272436875127908
CC_5B900A135A69,0.1709450833038425
CC_5BB64BDF3C99,0.06005291816600701
CC_5BCB2C79D1CA,0.2088037600749832
CC_5C072DB8586F,0.07607495584535717
CC_5C0BEC2A0850,0.1469151550382998
CC_5C24010127D1,0.33158792112160385
CC_5C2DAF5E0EB7,0.534459803460243
CC_5C3E8DB90978,0.1309022713785729
CC_5C4A7CE69975,0.3084911580556292
CC_5C5766F933B0,0.2870129955557391
CC_5C5808240054,0.20271996656515573
CC_5C5D6E15EA27,0.23279707176442604
CC_5C60C4545922,0.11183446425058421
CC_5C626D70F6D6,0.11616879155640644
CC_5C670F0622BF,0.008096600247989444
CC_5C799E57EF53,0.05991001903333787
CC_5C7B44735AF4,0.20415240612483393
CC_5C7D8DF047E9,0.19784016460962386
CC_5C80F394EFC3,0.13192957739700573
CC_5C99E6189441,0.20358827272870814
CC_5CA9AB4A6AB4,0.12198452523230374
CC_5CB78ADD2432,0.1242645226259899
CC_5CDE37CE08CF,0.16423411037705207
CC_5CE258D12432,0.34532091490947997
CC_5CEEF006ABF9,0.08283510925270979
CC_5CFD2850E277,0.2869568874246743
CC_5D01F71B9FAD,0.12474983607382203
CC_5D065A455A45,0.13314034388283366
CC_5D0AA7D4954A,0.22546411187432946
CC_5D242448B812,0.09526099635677779
CC_5D2C5115BDD2,0.16112012689522498
CC_5D3273E039AF,0.6247401627293624
CC_5D398BB3365B,0.10424925952882394
CC_5D3C1CE64952,0.22249605566674963
CC_5D4B0EBB5CD6,0.032897743470619634
CC_5D5E897588D3,0.06678108363228272
CC_5D65F25FFB8D,0.11138797805116514
CC_5D665A86C465,0.1053648391145188
CC_5D80C353E475,0.1286832383447378
CC_5D8895A0AB4C,0.25226822025448514
CC_5D88A673BF50,0.1246421529913134
CC_5D89688B69A9,0.2729913543857441
CC_5D8AC8E18A8E,0.10248514681051406
CC_5D8E7DC2FA6A,0.4544080412887487
CC_5DA29AD9E85E,0.17026496941503383
CC_5DB286EAC626,0.3258782924526984
CC_5DBC1BB95B84,0.8195459662441829
CC_5DC0A465470D,0.07624404149209174
CC_5DF82CB03C3F,0.1256329659254105
CC_5E001C93F359,0.09930801888179575
CC_5E029094A55C,0.6045337123353147
CC_5E0808121A65,0.13242055823568924
CC_5E1117E4E593,0.15774827081706014
CC_5E1541060A97,0.6173750887603542
CC_5E1C11540C0B,0.11054493794866738
CC_5E1DC0E143F2,0.05532376560637711
CC_5E206AC277E4,0.2894905496196721
CC_5E22B4BC8B12,0.1164220289502089
CC_5E22D889B6BF,0.17561517769732704
CC_5E38425EC99F,0.9414092409302387
CC_5E3A70C2077A,0.14868165243238204
CC_5E5607D275CA,0.11996509313147227
CC_5E73C3D2B3EE,0.22028916187798675
CC_5E7F23A07A71,0.07997555632914294
CC_5E80A96974B8,0.19375967939871402
CC_5E8C0453B9B8,0.30179378029233755
CC_5EA599FBA5E0,0.4806707659290517
CC_5EB379BA6C7A,0.10393114761507556
CC_5EBB96F65AFE,0.4041878549394551
CC_5EC41568C2E1,0.14814615120831065
CC_5EDB5C924107,0.3305178329803419
CC_5EEE5D0FF8D3,0.15435538245488675
CC_5EEF07FFC243,0.00558487873558966
CC_5EEFD690759A,0.09668572521822583
CC_5EF2176F01D5,0.1705808822079854
CC_5F17CA33D26B,0.12287189045451183
CC_5F20750D6658,0.15645132852373972
CC_5F2CE32A6EC3,0.12662652140841818
CC_5F328EE757B6,0.09918658628712596
CC_5F35B8D87D06,0.19473241232426558
CC_5F390BA40E83,0.8081060550300331
CC_5F59092CA9B2,0.14412071056231235
CC_5F5916E96E19,0.2751033587498778
CC_5F5E835B9E6E,0.1113707760244361
CC_5F648D39D67F,0.6179258013901747
CC_5F6D4104C808,0.13376249242604393
CC_5F72EBE104D4,0.0
CC_5F765C41F051,0.044772294259671136
CC_5F8859A6F0DB,0.06684699233095276
CC_5F88ACC7C384,0.1539155024866218
CC_5F89DFA97B7C,0.5795212007233762
CC_5F93A3E31DD6,0.5603019348539928
CC_5F9A44423DD4,0.12815292172957518
CC_5FAA7965BD71,0.09646392900569128
CC_5FAFA265CA02,0.3327896877368731
CC_5FBE1A34704F,0.22910382546859723
CC_5FCAA919577A,0.13713187646327976
CC_5FCD208ADD77,0.24376020476270505
CC_5FECD2BB0094,0.10389928725374188
CC_5FFDE52E6B7A,0.09766759629207174
CC_6002BFD3F26A,0.15156638438940478
CC_600311592F72,0.06201356047024689
CC_600AE12112D6,0.17170310397844
CC_601C3178E38D,0.1672552377935205
CC_6037EEA42F2C,0.322986988526767
CC_604C08F76272,0.6020009669126476
CC_604C72AC662C,0.10235206815697663
CC_60510AFA8A87,0.1319443471330468
CC_605E2E26E52A,0.2548212495073915
CC_605E3904CD8E,0.12111844012563129
CC_60611B935106,0.06198978940647848
CC_6061787228F8,0.12583677315684366
CC_607270A72DFD,0.3001416952308904
CC_60738E418DB3,0.001833297359914915
CC_60961DF8A134,0.12030055777426785
CC_609B7A7FA165,0.11994307283232658
CC_60AC5C892D01,0.10099742845748472
CC_60C09FF84412,0.13965022676914585
CC_60C87349D73D,0.3129466339873315
CC_60DA2FBF1FBF,0.12069936625529637
CC_60DA539A39FD,0.11487701198731723
CC_60E974A0B278,0.11307785333603472
CC_60EF7D647EFC,0.06487088301760247
CC_60F525A39898,0.017338371641431233
CC_610009B69EBA,0.6643647507752157
CC_610FDDF5FE54,0.13262800247226314
CC_612C06CB5FF4,0.1237715903880493
CC_61307D82CC26,0.43649050564289543
CC_615030FD33CC,0.7975299377105646
CC_61649241FE59,0.21366336599153452
CC_6170051A606A,0.149059670865347
CC_6179A630658E,0.09877353373406719
CC_617BD59427E7,0.07211483179933456
CC_617EC8BD5153,0.23613205698835316
CC_6191E14D21BE,0.08902529270864415
CC_61A798B8D222,0.04912567479317828
CC_61B4A983D1A1,0.08831452279656088
CC_61C9732AA682,0.7689896695015251
CC_61DC64E37471,0.13238884556251249
CC_61EAF14033DB,0.14374359722747007
CC_61F18E0C218F,0.11252136493742264
CC_61F1A1263F5B,0.02664358915812476
CC_6209EA426553,0.12247472440973164
CC_622BD8CB3807,0.23928850412471445
CC_6234A9617A7F,0.11707765640457951
CC_623AC074EB25,0.11943343670389522
CC_623FAACE8A80,0.05226994003094909
CC_6244E2935407,0.2729452793606709
CC_624535E11F69,0.046840636987230205
CC_624EA2917CDD,0.5756674829585868
CC_62565D08DDDD,0.7978833747192863
CC_6268ACD3F95B,0.4353117282350471
CC_626B61F4789A,0.712656341391149
CC_629193C2A090,0.28192314935646734
CC_62933641AC43,0.19887296311002348
CC_629480877536,0.3581889774805751
CC_629CB045D9FE,0.0721607469506873
CC_62A84BC400F0,0.29013056533524667
CC_62C36DF81797,0.13073820710092526
CC_62CC835CAE4A,0.6349722019552184
CC_62D4192F126E,0.6499225084472476
CC_62D7A3C9483D,0.08737804789931783
CC_62DF1B99B4DA,0.08332837996559998
CC_62ED7BA3E620,0.02949365059519818
CC_62FC001AFC78,0.1063075531114816
CC_630412B4AFDA,0.12836377220597725
CC_630903AD39C1,0.08329068326482511
CC_630938DCC1B5,0.04723545834913201
CC_630ACED773E9,0.38412365646633606
CC_631E1690D913,0.08124090783282642
CC_633A7C7FC25F,0.2723152310470006
CC_6342051D8FEA,0.29931081570585916
CC_634CE4E8AE49,0.25512509961356106
CC_6359692F5EF6,0.14679929958865648
CC_637278423A6D,0.20468466519333142
CC_6377AB848081,0.13299840243312003
CC_6381A65E0A3D,0.14649834909981285
CC_63871B4814E2,0.12585525090829197
CC_638AD269F05C,0.05210596452209043
CC_6391AE0FB83F,0.2572925554607695
CC_639703EE2ABD,0.08936367096912318
CC_639750C87A7A,0.6531276806434745
CC_639B1DCECD2F,0.14671842601515467
CC_63A869443AC0,0.5294488894168277
CC_63CCEE26BCAE,0.07945652027818076
CC_63D51CECB6D2,0.2395207767601077
CC_63E53402FC02,0.0
CC_63FC6895901C,0.14437847753066468
CC_63FC8A97D9C1,0.31185279381188025
CC_64117B93EF73,0.335788332004866
CC_642D9C325F1D,0.3788969780138939
CC_6436B950E22B,0.10150480590772806
CC_6445BD3DDB6E,0.08906937864301315
CC_645C15569E42,0.05805680337416114
CC_646472AD66EF,0.10896911383268773
CC_646B8254357E,0.138377057214831
CC_647F4BB4983D,0.49454347857091274
CC_6489ECEEFD0E,0.1400771110172424
CC_64946E57306A,0.09699763586037297
CC_64976830B0B7,0.3469401611702959
CC_64BA10F3FAA1,0.1313790647601326
CC_64BA39A0DFC6,0.0860403583914354
CC_64CF9A79EBFC,0.11146478324048648
CC_64F0E0473D1E,0.06242642105667717
CC_65006C2AB2D4,0.7760778580553586
CC_6500BD19FA06,0.35594941385347956
CC_6504DCAA90E1,0.10753491547750686
CC_6509C7361994,0.17849380641738966
CC_651486189673,0.15001056948276548
CC_65194BAE506A,0.13844868732254395
CC_652539353439,0.13549391581780756
CC_653CE5FA5A76,0.39328360737681645
CC_6560C2F4EDA4,0.21452474335485083
CC_656137F98187,0.6354432721956329
CC_6575B4B39113,0.07314831881339523
CC_657F629D31E2,0.16382524017294048
CC_6580B7583ADE,0.13265297220711036
CC_658477BA75D6,0.0830437952652549
CC_658B7867BE7C,0.12958415406449666
CC_6593FE5349F2,0.21944287077883934
CC_659EE0F05A75,0.3003306870444925
CC_65A0D8134410,0.2462974051898577
CC_65ADD5A19F64,0.07096819653425417
CC_65C3F0F73BB1,0.16837025301278913
CC_65C47521C285,0.03759478024900256
CC_65C4EE0B737C,0.24403205770412484
CC_65CB68404333,0.1560180789983816
CC_65D6DFF1B766,0.1159541266617176
CC_65F1545C35E1,0.1225591970460995
CC_6602547E2FCF,0.11504795943701826
CC_6615D7044816,0.3227360578472852
CC_66244D4B72EA,0.13435410059469133
CC_662E5AAE07A8,0.06412317829923367
CC_66322B339E84,0.06933924358937864
CC_6634FD4B1CD5,0.8189200625832603
CC_663DCEF4923E,0.15882627070819577
CC_663FE5BF918D,0.29245387975268883
CC_6645798E740D,0.13272022950752332
CC_6649736C8321,0.8251626344745266
CC_664E1026C4D9,0.27215682399598107
CC_665603C4A33B,0.04920074303695837
CC_665BDD9C8039,0.17570487041710692
CC_665F2AD58363,0.10982040311572704
CC_666767444BC3,0.11144794014519835
CC_666C0A2A8674,0.06586625681238864
CC_666F2BCDC7D7,0.1392143530761349
CC_66775178B226,0.11469634483622339
CC_667B6F8C846A,0.8506273653404016
CC_667E909835A4,0.21634994655912992
CC_66809C278FCC,0.24621154952811125
CC_669CCC44CFCD,0.045564421808443584
CC_66B0BD3F6516,0.3298466241184216
CC_66BF02C05DD8,0.12464011006976544
CC_66C491256BE4,0.09778293794377055
CC_66CEFA65F912,0.27556076387887085
CC_66E025DB3282,0.5917322958647591
CC_66E7B423A32F,0.6532667433753439
CC_66ED26E7BAD9,0.03717362819156389
CC_66F7FF7735C3,0.08854125879631486
CC_66FD0CE6D57B,0.11912522978179366
CC_66FFFE05C2E8,0.13989853166925592
CC_6700012A39B8,0.1290659873570083
CC_670FC6A064F0,0.15870292839494868
CC_672932B65802,0.07682009683300997
CC_6742C6478F98,0.2320645183423709
CC_6745321663BF,0.11642447547417198
CC_67579CF57290,0.08945756676466732
CC_675F7483FB90,0.14933776120491818
CC_676ACFAA6131,0.6486960736457548
CC_676B423C495A,0.5399135280146194
CC_6771C0D1CB1F,0.10829144260531638
CC_677EE0369CA7,0.11726724854331969
CC_677FE35855A9,0.2420547957665214
CC_678091614A14,0.17307590957050706
CC_678A43ED0803,0.7386834196500053
CC_67955C210226,0.1294289301944693
CC_6797E0B01112,0.26596146225222334
CC_679D90941842,0.09452781442377377
CC_67C05273700B,0.11571630369531319
CC_67D5172B6450,0.15862846318208898
CC_67E8CF412D93,0.11990174290734437
CC_67F6576A6836,0.2606720225980175
CC_67F985A00A12,0.0
CC_6801AD1D4478,0.11120182268226245
CC_6803BFA94B17,0.06731691583881577
CC_680B16E5E240,0.13406386194620395
CC_680F2D0F4F6C,0.14286725791478994
CC_68221E1393E1,0.11626386439307015
CC_6822590B968C,0.13749156157958936
CC_682D8EBCEE94,0.15887395644320673
CC_68429B4AE401,0.2806073296517906
CC_686B26BDD061,0.019938623373302267
CC_687518442359,0.3122553746168385
CC_6875DA61F422,0.2147873873967729
CC_68A3D749608C,0.26686320978096933
CC_68A9C3CE2557,0.11065669132062791
CC_68B9F8C6D9D6,0.6328352975145313
CC_68BC65E3C84A,0.504666884441199
CC_68CC4D1D898F,0.08531617715342411
CC_68D0ACBD2D0F,0.0359353089497626
CC_68DA8D5488B3,0.10014294201549714
CC_68E675A69AF3,0.09880702348632678
CC_68FC9E6FA27E,0.14483153421656964
CC_69322F7C4CE3,0.11820583496209798
CC_693710EAD59A,0.23295896068525762
CC_69387752F41F,0.4090598379347373
CC_693B71DDFE67,0.1487435093138162
CC_693D4AEDA3A2,0.12189006268853998
CC_6952171BCD2D,0.15296700569097693
CC_69547DEB412A,0.16555304236032134
CC_695E80DBA42A,0.11843894340863215
CC_69717E76CFAF,0.4464814387925391
CC_69741BF89A2D,0.14353098525635083
CC_69825C70EEE9,0.14196963523025835
CC_6985C268DC74,0.3384046809258801
CC_698886C4AD90,0.11611077406405268
CC_6999901A6060,0.18572115253602842
CC_699ABD34646F,0.02544260277417215
CC_69A98DC7A907,0.07755110182334618
CC_69AA6E0DDE10,0.16158199586860686
CC_69AD5A48A78B,0.11362801737998222
CC_69BA7BFF98E2,0.1414211791809027
CC_69BBE365C097,0.10823089404183979
CC_69CD95A00D9C,0.009318096131983977
CC_69D328691680,0.13369593790109222
CC_69D39C9F36F2,0.2773260942647507
CC_69E09390CD64,0.10518834476139224
CC_69FD49E90AC9,0.35102495942833145
CC_6A099AFE73BC,0.16344183033429294
CC_6A099E6C91BA,0.2169907514169704
CC_6A19EB191A81,0.04747869384463854
CC_6A39017046FE,0.07732010851285137
CC_6A4A401F2920,0.3210298882103419
CC_6A5261180031,0.10762555407649163
CC_6A7432494840,0.12915001300504364
CC_6A7963180D20,0.39790392542919395
CC_6A7D7E5F814F,0.4858678661653336
CC_6A8B8BBA749E,0.14094057526003823
CC_6A8DFDB0621D,0.11745711839589401
CC_6A93C436E2FF,0.11826811954856188
CC_6A97F81D9A0A,0.17345834732990906
CC_6A9D1622B4DE,0.2652056520765623
CC_6AA6589445C1,0.5609216810638579
CC_6AA7A87F59FD,0.267296375484189
CC_6AADD44C0B52,0.13056401626830652
CC_6AB4A5EBA3F6,0.13068629926689213
CC_6ABA7D0ABAC5,0.18968115825010753
CC_6ACF1E52BE8E,0.16460836027174303
CC_6AD3513459CB,0.10746547087425572
CC_6AD4238EE77D,0.18885375764350798
CC_6ADD0FE5DD74,0.5344963642090239
CC_6AE2737BD3A8,0.13272384161249248
CC_6AE48C1F2448,0.12077620037936593
CC_6B00A666A420,0.5575019755355209
CC_6B07C3992304,0.09293312630480141
CC_6B0A72BBD800,0.6296763023957326
CC_6B12B975F2EC,0.32510869353738614
CC_6B12C9507F32,0.10734837792971672
CC_6B34719D93AC,0.4360191581012527
CC_6B34740DD355,0.12918772537713002
CC_6B41081727AD,0.08432466093803806
CC_6B4902892E70,0.12752990916652546
CC_6B5BC2D89077,0.7311711815958885
CC_6B65242C2CCC,0.13344350892429999
CC_6B823BACBE75,0.3354889991358783
CC_6B83E1A959C2,0.3263000720256134
CC_6B84FB3DE604,0.09767088584319153
CC_6B8AABAA752E,0.21871944697679313
CC_6B8AC0DEE990,0.31453659309918336
CC_6BA45C072D40,0.15721644576419797
CC_6BA72ECB5027,0.14054823123619128
CC_6BB560F020BD,0.09420622385283106
CC_6BDF0B68C126,0.0
CC_6BF0A9437728,0.13642053860753955
CC_6BF3B9097199,0.12345469199863279
CC_6BF7A1EF31B9,0.25736281361533736
CC_6C29DF49246A,0.12258770265316826
CC_6C3C86C2125E,0.1390333401040746
CC_6C42FF6D7218,0.546581087621922
CC_6C541A482CF2,0.299259902136101
CC_6C585A6BFE01,0.801815950086808
CC_6C5CE36700D0,0.1722591221804464
CC_6C62C2094733,0.1272897624976966
CC_6C66539A9D02,0.19040927459838586
CC_6C684505E498,0.14895621727097308
CC_6C6E40927C35,0.060369220604627793
CC_6C7736F51C12,0.6856999332319322
CC_6C781CEB6F52,0.06553400673470725
CC_6C7E39BF4744,0.16707931401743448
CC_6C9EE9BAECEE,0.0851878030758437
CC_6CA0F076091A,0.1134755849227663
CC_6CAD299645B0,0.2514994732973542
CC_6CC3C50BA394,0.09429886100881242
CC_6CC593C5385D,0.02468828467609141
CC_6CDA4B24C602,0.16170236006374622
CC_6CE31AFF7813,0.0
CC_6CECB68DE9C1,0.3762470262932138
CC_6CECD3DBA212,0.169137124461023
CC_6CF17D012682,0.18703549988528584
CC_6CFCDF903310,0.12831699677152586
CC_6D08B5E62654,0.11071812983607704
CC_6D0F60667273,0.30541935029521106
CC_6D127EE83945,0.06655389028954911
CC_6D134DB29068,0.34619652752746655
CC_6D141A49D94E,0.5260231629368669
CC_6D148C0A624D,0.22127999666925233
CC_6D1EFDDE2EED,0.08053031435200816
CC_6D22B938D7B9,0.08680711305688846
CC_6D27409F4956,0.05925164980607439
CC_6D2F0EBBCA4D,0.25644235404512966
CC_6D43BE30E8B8,0.26985785231329407
CC_6D4EDEAF67C7,0.16213482851755398
CC_6D72571304DC,0.4161913690231914
CC_6D7C62C7C161,0.0381854337270644
CC_6D8A18C28AF0,0.11922222551527677
CC_6D8B35007242,0.12770722895654874
CC_6D93A9E49E3B,0.049256206926563045
CC_6D9C644A082B,0.1383714493815776
CC_6D9F52BD4D0E,0.1653795665210247
CC_6DA058F9B631,0.19968296886230405
CC_6DA1F8DF9CDC,0.17517032797011833
CC_6DB000AEF16A,0.10558303588578351
CC_6DB5025899E3,0.2133653129413426
CC_6DD6FA2FA0C6,0.10643646256734193
CC_6DE4E4C1A31D,0.12446655424236208
CC_6E09CBC15C94,0.3729294259958569
CC_6E353816938F,0.09094380949986884
CC_6E3AB992A5C9,0.13178759795495815
CC_6E420A2FE490,0.12649879399507752
CC_6E46D01888D5,0.12378854702483583
CC_6E4702162475,0.04033064548405224
CC_6E548AF15091,0.23481685539599018
CC_6E5C9A2DA27E,0.03658027263114688
CC_6E610F3976CB,0.1502931303210399
CC_6E614FF9BE02,0.641623864167857
CC_6E68D46447E2,0.13316750386145032
CC_6E712C21215D,0.02794451663254019
CC_6E84DED41B8B,0.0963790051634335
CC_6E8557E30DC9,0.6884757160394444
CC_6E8963475D35,0.15898014005318875
CC_6E9880CA0BF9,0.17480741354567955
CC_6E9FCD68ED52,0.7371343429770266
CC_6EB194A93F60,0.13374687391072704
CC_6EB370F511F7,0.10973202872347204
CC_6EC722B2BC2F,0.1881531622631466
CC_6ED1B0EE4B6C,0.2568415778899108
CC_6ED65E7CABA2,0.1900125064915349
CC_6EDA84B653B8,0.23666569269241036
CC_6EEE8E7C1D1C,0.1533738462417983
CC_6EF17801ADD6,0.19404261576959675
CC_6EF337CC4BA9,0.13805324704607577
CC_6EF464EC9FCF,0.06071273627213607
CC_6EF6B8AE7DCD,0.04960304923695236
CC_6EF8C59D8395,0.7757211141030141
CC_6F2146FE362E,0.05733683500842468
CC_6F2408B665A6,0.4179669804286037
CC_6F2B8E925D59,0.06331046411225412
CC_6F3034E96848,0.1474137814274063
CC_6F3559ACC2F5,0.030694828110804956
CC_6F46C5897DA8,0.4069909837509466
CC_6F49ECAE902C,0.11015338790733782
CC_6F4B818665D3,0.13468305573706077
CC_6F4E696A1F88,0.26335703716855763
CC_6F54BD66C0EA,0.1458067636151646
CC_6F786C433998,0.16440487567269235
CC_6F78BF56B0C0,0.11397096562567827
CC_6F8346F138C1,0.36914238014663037
CC_6F86CFDB23D6,0.06229250962397223
CC_6F8E30AE9457,0.11150652099479577
CC_6FC25B27AC26,0.17294161792866866
CC_6FC8BE007FE9,0.14784774855128885
CC_6FC8DA40122A,0.27183148114515404
CC_6FD8BAB1DA3E,0.0728076688994059
CC_6FE4FD09A9D8,0.13205625249002056
CC_6FE78CB02174,0.10752784913428498
CC_6FEB8EDBF2A4,0.14317454002392846
CC_6FFCF2DAD0A4,0.06817822303904127
CC_7002034B0979,0.07773500926666935
CC_7006523D45E4,0.10766025663912925
CC_70097151A773,0.09414036874986922
CC_7011BC95A91B,0.14446555049045373
CC_7020F3C11A3F,0.13642017886644256
CC_70306409A3E8,0.2822440190788359
CC_706B18DA7204,0.12811996731970138
CC_70703A59C070,0.10784665216853566
CC_70749DDFF595,0.13984441217502586
CC_7079CE5127A3,0.07256159555289798
CC_7087A46F0AB7,0.10114356646345304
CC_708B73EBD939,0.1579520502450981
CC_709315667BCA,0.11642501455225171
CC_709970475B6D,0.569595299688166
CC_70A56ADAC199,0.07172754338561467
CC_70ABB244502D,0.05924121935523893
CC_70B0176647CE,0.15474266959923944
CC_70D3353DA1C3,0.07272851418615729
CC_70D652DF4E91,0.13129193669212963
CC_70E3121BFDC4,0.111942352673049
CC_70E5FB8B072D,0.05968018076282
CC_70EFECA3FAEB,0.15891471553560582
CC_70F59DA18BCA,0.599741585800557
CC_7100129A0AFF,0.1591591734537882
CC_7113554E33B9,0.02507915898069643
CC_71260405461D,0.0
CC_712677251322,0.14700355261324366
CC_712D31B2785D,0.0
CC_713052DB1E2E,0.11474572646365419
CC_7139C2D6F1AC,0.1398304199931299
CC_71427FC8FA49,0.245976262666392
CC_714912E93A71,0.11729286688486461
CC_717A5C2ED311,0.10385991146665015
CC_717C94F5C8F1,0.16758574941280374
CC_718F067F4DA0,0.06283719492286241
CC_719E714DD38C,0.19991675428269529
CC_71B169C874D0,0.1402363747822305
CC_71BB5070615C,0.07869273156790284
CC_71D37D6D19C6,0.1872755073673645
CC_71DC80205F42,0.10567651648277224
CC_71DEB636B8CD,0.6118640256673342
CC_71E4CBAA1211,0.24454343137391865
CC_71E787049755,0.0961462669300714
CC_71F1EF5575AC,0.13517831106562922
CC_7201DD8EB33B,0.26963965389876254
CC_7202C8CE2317,0.32285505621661803
CC_720B06583C57,0.0668317688559354
CC_721DEC038BAF,0.27755061120700214
CC_72219BCC83E3,0.15817170048468626
CC_7223DABA7E98,0.0
CC_7233459FF7B8,0.28001131774725346
CC_7238A8A6767A,0.2205219802122747
CC_724559551664,0.5965774541929836
CC_7248EB4B76CF,0.07925359118028344
CC_7259B5314D92,0.07978796439782185
CC_725CA03102FE,0.06469769586143176
CC_726E05E5A555,0.10748390301844868
CC_7276AEED6D4A,0.07679854661917415
CC_72A18E8D6670,0.0
CC_72CDBC38202A,0.3275808945072469
CC_72D8B2ABA2D1,0.6255108738993927
CC_72E4590D362B,0.34699499144998763
CC_72E8542AE4BA,0.049021912626038944
CC_73010B6E55DD,0.5885736434885381
CC_7309A4693D52,0.12467432161521658
CC_730C2A3FF1BF,0.17554314190779213
CC_731C1BCED024,0.44964193443970146
CC_732C325832D8,0.12389662125957006
CC_732DFCAA0A75,0.1484557423312996
CC_73322A6A24B1,0.7898592604217769
CC_7336B19A18AB,0.15825953378475668
CC_733AF1D123B8,0.3448406266228953
CC_7344A0E90AFC,0.15219425167049636
CC_7348C2B475B7,0.12200178795809319
CC_735E1A78B058,0.15763455551629102
CC_735ED2A02DC4,0.1501297207151758
CC_736015DE4E3D,0.376727666538554
CC_736A42761E55,0.13648922788390383
CC_736C0436B98D,0.13430581435619837
CC_7379212919FD,0.10734196750457631
CC_73859CD59E75,0.524155378983786
CC_738B201B1CF9,0.0511080335233996
CC_738DCB11942F,0.12619496701422672
CC_739198ACE582,0.10775065960541653
CC_739D093D7B69,0.08666689835620343
CC_73A7FC903662,0.10882708514367535
CC_73A8927DCEB9,0.11868967553244548
CC_73B575BBBBE3,0.12749794766511996
CC_73B6B9AD2002,0.08119509768620006
CC_73C28D72A5A3,1.0
CC_73C38DBDF9A7,0.1298331909162627
CC_73D44BEF6754,0.42619134097943007
CC_73D4C1D7C022,0.12605522113573892
CC_73EF383F3C2E,0.16099589762804226
CC_73F34B1607C1,0.1139281969693466
CC_74137206902D,0.19625887355153152
CC_74198E5EC366,0.1286243788985702
CC_744FB5804A8C,0.5047935007694386
CC_7451E64B6D47,0.22008933789795657
CC_745A64878AF1,0.13015792063150816
CC_746B196CECA1,0.14288530788357284
CC_746C06898D5B,0.6015229769079214
CC_746DE1EED0DD,0.22251150498744718
CC_7476938CF6A0,0.44997720267011243
CC_747CFDB7E305,0.11905628905009644
CC_74845374E870,0.6402749871497515
CC_74AD8D3B192C,0.7083897237633615
CC_74B90A15B270,0.14140450072115213
CC_74BA5D46E909,0.6928299059596871
CC_74BE0AD5E21D,0.2262804098318053
CC_74C33B66F002,0.1926700378411745
CC_74C9C3F17421,0.06460906655333463
CC_74E4BD5C07D2,0.209517133057549
CC_750D90249EFD,0.1178279746483574
CC_750DA21B7EDD,0.3427149528546627
CC_750E6537383A,0.23037757317206706
CC_75137D6F9DCB,0.1574541425139267
CC_75173A8A11D1,0.11678157785118762
CC_751DDC1FC2AD,0.18494951015071293
CC_75357E0206F5,0.13800577744317793
CC_753D160E3A58,0.16774232652775217
CC_754447632F75,0.06815733200672836
CC_7549363C5D36,0.07948676963051582
CC_754F3894627C,0.12845565388042757
CC_7562CD43897F,0.12272258568802796
CC_756A077EC614,0.41529179387556736
CC_756D3492443F,0.2921930456524451
CC_75783B3E6C6E,0.07867336921048253
CC_7598068A716C,0.05934964522934871
CC_75A37D8C1F6C,0.4897967947356978
CC_75ABDDA24C26,0.0880305648611367
CC_75B287424E59,0.3226282360111129
CC_75B2B88876B6,0.14956994405293364
CC_75B324FCDD4A,0.2104217857741935
CC_75C1466E61E2,0.28233577449378633
CC_75CCCD9D4568,0.16990303815377394
CC_75D2DAF4491C,0.40063927514302844
CC_75D54090AAD4,0.09040862250880707
CC_75F1927E5941,0.677680752133528
CC_75F99AD6844A,0.29853713078000804
CC_75FBA505C727,0.21449289610458339
CC_7615CC930B76,0.2282915048857258
CC_76168488EBB0,0.5431790344100382
CC_76197A77D666,0.029403159024672137
CC_761F48F8E962,0.20109815953904442
CC_764C6ADC6D1A,0.13007913197009238
CC_7658A6B0910B,0.032517314982284884
CC_766347951B7B,0.6028213018557036
CC_76857712D8F5,0.23659747374326298
CC_76A0DF2549B7,0.11740030231907322
CC_76A636414AEB,0.15428029050076963
CC_76B01540CDD1,0.17070031329258603
CC_76B420FC66EB,0.14053264093158374
CC_76B6BCD2EBAF,0.12586739199597066
CC_76B7A0029620,0.11394788581021292
CC_76BA435EF2AC,0.2259030639351774
CC_76BCC1AFDA4D,0.16163144805915397
CC_76C35913E797,0.12258430338494608
CC_76DE3DF1DEE3,0.16000122292171842
CC_76DFA4CD068B,0.07036273749410155
CC_76DFE3568C72,0.2236291370650648
CC_76E201F1E036,0.347859655114004
CC_76E83166FE0A,0.1665100923386683
CC_76FD9E9D9ED0,0.13518664798386204
CC_7720BBD06736,0.2819158974333913
CC_77340228F356,0.6902248602899652
CC_773CBBCBAFFE,0.12231838867487066
CC_773E9B092923,0.10967849637886434
CC_773F22C3E42F,0.04483278886160877
CC_774ED295BF96,0.1561429546785848
CC_7751ED6DF76C,0.07515034499332343
CC_77571749B970,0.1723322998109093
CC_776F8B3BAC08,0.09620156582957756
CC_777889F9694E,0.033251547606310994
CC_777D08513AE8,0.0
CC_777E3D988EFD,0.16381774012741943
CC_7795BEDE05E8,0.35404147931698976
CC_77A9EA3A6784,0.15154049468957534
CC_77B1AB7960A9,0.11846338555357659
CC_77B6EA810549,0.3036355905192996
CC_77B9889C9BFD,0.383019823262424
CC_77BC55DC92B6,0.19292220521408646
CC_77D1DFCB0A8B,0.11279686460112093
CC_77D9AC43DFE1,0.15753301001395487
CC_77E6EF1CF2F7,0.1250724571125667
CC_77FFA8E6B36D,0.04982368559745243
CC_7801661A9DC2,0.3042388424170209
CC_78069B1BD931,0.11919836847636407
CC_780828B48716,0.04423417939572416
CC_782130B98F34,0.10277205215772756
CC_78273789B3C5,0.6622270758944812
CC_78296783E4EA,0.13410390704127623
CC_782B06291D87,0.08108282932547331
CC_783A2D4C89F9,0.3737682344611729
CC_784407E16923,0.19678471715952076
CC_78491B6255F2,0.3639917712700648
CC_784F17AC712F,0.08990390249213999
CC_7852FC3BBADB,0.12792107676898273
CC_7866E4CE528E,0.558442390291554
CC_7867E7C01013,0.1827182936787582
CC_7869F609EC2E,0.16713702575612355
CC_7874F14ABD7F,0.20230123310826703
CC_78774E05FF12,0.1476845581933548
CC_78815A352067,0.150944008385643
CC_788FF4549766,0.3086809341194492
CC_789977501322,0.11582355508897195
CC_789B2BA880E7,0.05256901612030451
CC_789D87F51AA1,0.08835740858533017
CC_789DC3C358CB,0.25421966508831934
CC_78A036DF6320,0.6206003683227688
CC_78A3EA63B7EF,0.0980759105793865
CC_78BF1B8FC1CA,0.12073310839163108
CC_78C96E7015BA,0.6268585569896632
CC_78CC84FA2CE2,0.24284376624950316
CC_78F0087076CF,0.1520985617830154
CC_78FAA95F5B5F,0.09940105856894617
CC_79033EFDE096,0.17204776052685097
CC_79086C18A963,0.1342493239496026
CC_790DA2ED9F5B,0.12025080298068183
CC_7928811F7D86,0.12604268056467355
CC_79345478FCE5,0.061578542867534544
CC_7936C8D65B95,0.11645689928325567
CC_7948C5509411,0.4008543467345267
CC_794ADB0677CD,0.1433376429350607
CC_794FF8E7F876,0.06268053794659553
CC_79500EA652BC,0.657789006185465
CC_795083A66DB5,0.044330083323835534
CC_7950D4B773CF,0.10295671390255957
CC_7955AEB49759,0.12681668728690387
CC_7964F862DFA3,0.44173486975702725
CC_797A700CF967,0.4260445090157001
CC_798180DDF677,0.3814342528151351
CC_7981ABA9C370,0.11949343249313607
CC_798B2DC03C5A,0.0798045616957204
CC_79BD986C23CA,0.0683831042781416
CC_79C6BA680815,0.3697245063185941
CC_79D694E6F5AF,0.33138574950757005
CC_79ED9A0F6E49,0.40775332067938874
CC_79FA2512E5A2,0.15669841069446394
CC_7A0024F6FA60,0.09198816418775951
CC_7A193A453F27,0.053743584065633815
CC_7A1F071DC5D4,0.3391303450719364
CC_7A5D96BC99AA,0.8342102021125456
CC_7A6B51562949,0.21793240643808837
CC_7A6D7F9654DD,0.3168731266231493
CC_7A778E010F33,0.3108401449602233
CC_7A7FB841B669,0.46417424781531563
CC_7A91013D31E1,0.11413481091167677
CC_7A9117596769,0.07631959752910414
CC_7AAF340DCE8F,0.14768689174883895
CC_7AB146267981,0.14631557871562934
CC_7AB2A9CC8424,0.11398375382273328
CC_7AC1DF18CBA4,0.24147640884160565
CC_7AC4240DD225,0.2870972011359183
CC_7ACB325BD924,0.24398918569039818
CC_7ACB88002397,0.5283123887367076
CC_7ACD4F370AED,0.25518206344477307
CC_7AD4072A9F82,0.0804414093906156
CC_7ADEECDE4D73,0.17636899437431935
CC_7AEB48D8C5E0,0.118286530090988
CC_7AFA5CD2B29E,0.16240887511941143
CC_7B092786DDB0,0.06496801193790365
CC_7B1B35D5628E,0.09983151637269165
CC_7B210557F04A,0.13244900800329046
CC_7B369A7C1D3F,0.1492757557205049
CC_7B4002591821,0.7989210649906863
CC_7B42BD80D79A,0.1911545160761879
CC_7B44FDF08B93,0.07321757970817985
CC_7B501C32CAE5,0.09718489378555914
CC_7B88520D4FA2,0.30614293937494336
CC_7B8ABE6E552B,0.2775860166046088
CC_7B8D2E07908E,0.3820899413135172
CC_7BA150468D19,0.6252054929055268
CC_7BB159FCEB53,0.2771676947582311
CC_7BDD72710831,0.14136389774706948
CC_7BE02C65B967,0.2299930765691019
CC_7BE382988C1C,0.5436116322939509
CC_7BE6110DBAA1,0.31915642628521873
CC_7C0B14BB0573,0.14309412196454713
CC_7C0CF5558904,0.66971185467883
CC_7C13E7F561DA,0.6455133805918485
CC_7C46F7F667F3,0.10635235517674614
CC_7C510CE0521B,0.09119586491045675
CC_7C61B5D39E49,0.36542653844368267
CC_7C6770DDA182,0.1237998178081622
CC_7C6DBF78A610,0.10703104670981896
CC_7C7B0438E3AB,0.12892069489980917
CC_7C87DFBC3176,0.108906933346231
CC_7C9528E94215,0.2911818946715417
CC_7C9ADE65CF81,0.09654136199650391
CC_7CB6CD1B9DD0,0.02175765195981233
CC_7CB7C7E55BE6,0.13429299192665356
CC_7CCC3A690325,0.11831762704311603
CC_7CE5689488DB,0.03555488221640765
CC_7CEB758A9814,0.1016480944252704
CC_7CF7443D923A,0.06678016125481154
CC_7D0D597690BF,0.1600835544038905
CC_7D0EA0307817,0.1180273384110383
CC_7D12E6FF25C3,0.13584987464259146
CC_7D28D39AED1F,0.49564785432240854
CC_7D2D19D832FF,0.09815683170174914
CC_7D34A67E1369,0.05041375497191217
CC_7D4388B41EB9,0.10672542248848035
CC_7D46FE573D79,0.1327254730060829
CC_7D7810799F2E,0.06491910132778589
CC_7D79241150C8,0.20639500613691344
CC_7D7B92EF2655,0.15866267691796834
CC_7D8C2495C1F7,0.12232936003941942
CC_7DA4F1BA24A1,0.6765468264115773
CC_7DAF18939084,0.04106014256547755
CC_7DB8BA427410,0.07877884100317126
CC_7DC9456F1161,0.08237788987503834
CC_7DD2CBE0F0BC,0.13581466803500336
CC_7DD495158BFD,0.7031847384329706
CC_7DD5411F7A14,0.29966827478123925
CC_7DF099A7A092,0.307500837482654
CC_7DF27D2AC111,0.0
CC_7E0CA072EF93,0.10631902787395138
CC_7E0DA100F5F2,0.23320090076173655
CC_7E1086EFDED5,0.03564658546984173
CC_7E12E0F3CF6D,0.1436766222967783
CC_7E178CE78FB8,0.12555935943553975
CC_7E1C1A6D0E9A,0.10642288322293803
CC_7E2A76850DF6,0.7994121552559862
CC_7E3ACB15C69D,0.22648681328294862
CC_7E3F3373A73D,0.707379070395053
CC_7E42A3D0737F,0.11188436668024726
CC_7E4679C534D7,0.2423482871890958
CC_7E53FEEB19B1,0.15041137008811062
CC_7E71CE7FC603,0.2875047344252037
CC_7E8333DBAEB4,0.34782850334181736
CC_7E843438DE4A,0.06469303957220646
CC_7E8E4747C0D0,0.6272575219283523
CC_7E952828C1B5,0.12266918066316512
CC_7EA6431FE6F5,0.1424558758104002
CC_7EA7BA7621C3,0.2907292083741426
CC_7EA8F24B3010,0.13089258044482258
CC_7EAB28B0309C,0.09508577768984697
CC_7EB4A5BDA97E,0.131369801139965
CC_7EB4B0A36534,0.09866236335360037
CC_7EB791F4AB2E,0.12709639594214267
CC_7EB883C9D5F9,0.011534842538029916
CC_7EC59C577F02,0.10817616716609754
CC_7ED2683D26DD,0.15973047757861125
CC_7EDB3440E0AB,0.7027985003798823
CC_7EE12013C7DF,0.1994073875000293
CC_7EF824CC0D3C,0.1572653533403123
CC_7F09C6F6321D,0.6960123912309795
CC_7F1AD40DA179,0.15324412112753846
CC_7F1D38A39164,0.14083552923386594
CC_7F22B7D326CC,0.14632192591020016
CC_7F2614F1AAAE,0.148165263588865
CC_7F2CDC7C1634,0.06554986445821459
CC_7F2D46DF9BC7,0.12457328110701135
CC_7F57A90B69E0,0.2661322495215189
CC_7F633226A676,0.09103818180423041
CC_7F753D809267,0.8774071061116402
CC_7F7EBF25AED7,0.04919605371553068
CC_7F8496CC5779,0.06425881174744
CC_7F88D9C5D258,0.06346567050169444
CC_7F8AB4DCA794,0.16391699449891264
CC_7F8CC9509418,0.32020202656933466
CC_7F9069571F79,0.32397179397944614
CC_7F9AD27E079E,0.21658086775632535
CC_7FA281AC1C7A,0.10073234873096233
CC_7FA389E90548,0.08044752933024699
CC_7FBF4A48AF55,0.05300990363691732
CC_7FC40175A8E1,0.12340709774937567
CC_7FD58EE7029D,0.13413973951131353
CC_7FD7F635C341,0.024614610800227227
CC_7FDD458DA059,0.14108923595538786
CC_7FE85C259E03,0.12575266263405943
CC_7FE8CD30D7E0,0.0793369601520815
CC_7FFA32DE7B04,0.2107734413698858
CC_8014F1E2C5BF,0.03772597301497441
CC_8015895C1C29,0.22295818046601412
CC_802BA7E39A13,0.15312410211395738
CC_80300D23C3FE,0.45555665855686417
CC_80465303B6E2,0.1614290009199284
CC_805ADFD46B84,0.1233844967946219
CC_8060F40D9522,0.15795936288718188
CC_80621E822131,0.08964133309059383
CC_806654B580B5,0.1191463026220834
CC_806CFD6A52BA,0.04153341948074679
CC_807935BBEB7F,0.09223682541612457
CC_807C57E626E4,0.10344762741920158
CC_807C91C98684,0.03988806022035249
CC_8096B589BB07,0.12045099652244376
CC_809D60155E9D,0.01142170967792236
CC_80A2189E5125,0.4396337832812352
CC_80AF87F62770,0.15199770888670275
CC_80C03DF9CC57,0.08447988501615177
CC_80D9B6563750,0.6501173959435638
CC_80E9638ABD4B,0.038024250459036846
CC_80F7171B71CF,0.13795929300278384
CC_80F9983BC18B,0.11037124408537853
CC_811109A98EFF,0.12807778524661512
CC_8129480B056D,0.18529056150437695
CC_8134E5DA9FEB,0.6093796183989849
CC_8140399AD344,0.14611925924804312
CC_8140E278B6A0,0.18190324735465804
CC_814E0F756757,0.2891739621243508
CC_815FAAABFC91,0.05626880191106079
CC_816B28807CED,0.3037718906637075
CC_81821F9F2307,0.6019152768025137
CC_8186D7991EB8,0.03528280565743333
CC_819E203180C8,0.7798622215342378
CC_81A5E3141BDA,0.4044330834016565
CC_81B5CED8EE79,0.20079849460936663
CC_81B91198E00D,0.7124478569983174
CC_81BADC379C8B,0.14516898881689305
CC_81BF8EA390F7,0.023437843258618973
CC_81C5FC962C72,0.08761861349645475
CC_81DDBFAF1CB6,0.07517773637290998
CC_81DE637E6138,0.0793728191001056
CC_81F389DEC9C5,0.11901698135785711
CC_81F647806849,0.1345139019221598
CC_820D491B2903,0.6680365881853537
CC_82172863AA45,0.27318800117816316
CC_82195FBE9366,0.14368987896411328
CC_821F503DA953,0.11560435314104806
CC_8221AF9B0B93,0.8570199669093631
CC_8222D1C47857,0.09837229865656712
CC_824BB6CD2B25,0.08570672985331923
CC_825192411933,0.09656370885024959
CC_8270E213EDF5,0.21206722260365712
CC_82839CC161E8,0.09030902040341743
CC_828A0B6D7291,0.03910886801167887
CC_828EDE22A438,0.040108754388902546
CC_82928B5ABD45,0.31688303000313595
CC_82A7FE954659,0.13763675051732907
CC_82ABE1FFFA1F,0.07210016941335165
CC_82BDFA01C41F,0.057689978511877044
CC_82C20057CB4A,0.057885425336147434
CC_82E52529A567,0.10378895690738253
CC_82EFBFCF68AB,0.10027821809782107
CC_83092F58B321,0.14363629369613765
CC_83098B4BBD4A,0.13492044095238562
CC_831F9E623C5F,0.14980390268806773
CC_8326C8A3D569,0.16263619137297125
CC_832730F42A18,0.1036261256822355
CC_832A44C3F2A0,0.10276808468623227
CC_832EBAE498AE,0.760896254858331
CC_833B196A70F3,0.6321472903913978
CC_833E14DFF4C6,0.15038504057555557
CC_834092035687,0.3402556795998162
CC_8351244DE3CB,0.07766551121896813
CC_835B90025058,0.0626212329158909
CC_836534CEDFD3,0.09203713916940434
CC_837ADC1EA55A,0.17084639266998616
CC_83884D799788,0.23496469723758717
CC_83947255841B,0.13311594347942823
CC_83A5A3022ADF,0.8195598451933959
CC_83ABA98906DE,0.05164782746212959
CC_83C75D07414A,0.40326265000484707
CC_83CBA767432F,0.7275392298650049
CC_83D342F53F36,0.16259546186864882
CC_83D5CA2A23C2,0.018410528545095728
CC_83E002D6D82D,0.1477011616247247
CC_83FE1BCC83E6,0.25022280272166697
CC_840E5B830DB4,0.05757402767297326
CC_842525788FC1,0.2505319441828392
CC_843076C8EB9E,0.15472187029908085
CC_8442C97EE91A,0.12913811031280253
CC_844C3C30ED67,0.11946220929003881
CC_844E345D2636,0.11879629608044341
CC_844F26E92B12,0.12036582287786243
CC_845032D8A261,0.27350211086125115
CC_845223F606E2,0.2905417876340418
CC_846F5B19B110,0.24115552717566208
CC_84797EA9ABF9,0.2700565891267298
CC_848D59D48081,0.2741342797326897
CC_84AB057BFCCA,0.07329287994470857
CC_84B0BA112537,0.0
CC_84B8FCEDADD5,0.21107421491185796
CC_84C61A6BE99D,0.08639433657565598
CC_84CDF830F68F,0.09482406824621224
CC_84D5B88572DC,0.24099331104531013
CC_84FABECED186,0.21202183206939357
CC_8503F43FB29C,0.23681690816651238
CC_850ACB004EE2,0.05173909804414534
CC_850B114489CE,0.11872559677588101
CC_850CC17BB13B,0.1615668242423112
CC_8518C159BDE6,0.11940179697682296
CC_85299261146C,0.16525499506895922
CC_853986C52A17,0.08926780183996204
CC_853ABBECF2E1,0.774308619014261
CC_853BF4485D85,0.22727245844670524
CC_853EED03843B,0.10831165815457042
CC_853FD1B551B1,0.1655910316313608
CC_854AAA98CC0C,0.9206242662442078
CC_854F8AB5F1FE,0.007390951867671913
CC_855E2A785BAA,0.12009927122984312
CC_85614CA68432,0.13180204263641287
CC_856B92B23BB5,0.8059225314539821
CC_856DF4A30E13,0.6135516365244804
CC_858704DBD5A6,0.10915800751992377
CC_859EF0AAA74A,0.02720449892358534
CC_859FB710961E,0.11421259121472196
CC_85A0EB3C9884,0.5445056858206689
CC_85C887BB996A,0.11816252782983465
CC_85D9A6C9CA60,0.10692788240317608
CC_85DAF10E61A1,0.5218211380084781
CC_85DEF8ECB524,0.13934057906577668
CC_85E2E0B8B15F,0.6587449961544068
CC_85F018DC47FC,0.19889941871503689
CC_85F376B33951,0.24928049153831938
CC_85F745E1D307,0.2234693448599516
CC_85FAFB430486,0.15065991239388382
CC_860D4B868C17,0.0
CC_8614E30C9FCE,0.33973593846829037
CC_861F5DC22035,0.07552613146313425
CC_8624ABB391B1,0.10165988137900338
CC_862BAB422756,0.33411759644854055
CC_8642F98E5504,0.2129332710942774
CC_8655B8862C81,0.16031872758962054
CC_865FCEE75A8E,0.0
CC_867372811CCD,0.2622175195194594
CC_867695B5C296,0.42260414024602533
CC_8682B1F914ED,0.16992602926246073
CC_8691DF144B92,0.42712799894324716
CC_86AD259FA5B1,0.1397199381676943
CC_86AEC21936BB,0.760405343124431
CC_86B1D15F8424,0.04592178232923358
CC_86C2A6EC5712,0.732128307629397
CC_86CF816B494B,0.032556953648136044
CC_86D4D58B1D0C,0.15490677903886452
CC_86E2C4E17CB6,0.05687472624955084
CC_86E9E191E3CA,0.3087659773993389
CC_87000C16C856,0.12511678190292785
CC_8703DD5FA02C,0.1769332702663382
CC_87065B1F429D,0.13476120127470836
CC_87434BBA1CE7,0.10503240359174794
CC_87450EA8CD55,0.6877392998324968
CC_87480F785786,0.08568268200568159
CC_8777EA6EBFD4,0.0029275921956503637
CC_877A35E76904,0.1473689543717567
CC_877B37D01563,0.21673516396056355
CC_879759A5EFB8,0.3530840200544503
CC_8798AF2651BC,0.13293661256511596
CC_879989FB3B92,0.6288849491547684
CC_87A3BECEE5A4,0.2041631534294143
CC_87B7CDF4BDDE,0.07112992686143907
CC_87C13E620006,0.17128500544031944
CC_87E3AFB080F8,0.1657938987403657
CC_880044F77ACC,0.10634920212145799
CC_8809BCAC74A9,0.06558671203260705
CC_880E0019DB5D,0.02418376204608541
CC_880F027D886E,0.12561126750199614
CC_8812BC579F7D,0.22163976653032913
CC_88225FE57D82,0.21535642995022558
CC_88315318E9DA,0.35971482083288236
CC_883864E584A8,0.16530561050582
CC_88469BAD58C4,0.12427902876510107
CC_8854EE679596,0.09727945795983134
CC_886273CC4072,0.08149279867599962
CC_8866B6D4524F,0.32425243126092357
CC_88A943606806,0.27948956257540375
CC_88E916A3F984,0.8624978783089899
CC_88FDC55C31A4,0.1428092176985456
CC_890D5EE59076,0.0
CC_890F721517F2,0.07708746362545295
CC_89129D16418A,0.3124963801236471
CC_8917F02F9326,0.14906527639243045
CC_8920B6584A43,0.11265478631059844
CC_8929DF270419,0.8130375536380251
CC_892B119F0E5C,0.18721732763072152
CC_89302456B9D5,0.5369525061927244
CC_893FAA6D1F04,0.7632400833879607
CC_895AF697BFBB,0.2553661242499078
CC_8961FF892F79,0.09616993335580414
CC_897674493060,0.12335356147367812
CC_898AFCD28B03,0.1241915998434184
CC_898CC919D10F,0.2441704755008314
CC_89A711195EEB,0.15792295946229035
CC_89B4DF07DF12,0.14121029723059333
CC_89B941079E10,0.12791473089104355
CC_89B97E9FF67A,0.11802072627132659
CC_89C5162E8055,0.17130512405962112
CC_89CA0F1E2DBF,0.18614298180182307
CC_89DEE29A78AA,0.12320756003509119
CC_89E089707730,0.2344671850003196
CC_89F0B865A6D4,0.18569741914948978
CC_8A04C5D4D02D,0.09319645331347426
CC_8A081AA1FB92,0.31830549834614347
CC_8A0C640E7A89,0.4471017364944015
CC_8A12B68246A6,0.05349441962783802
CC_8A14A46B280C,0.12058156737098288
CC_8A165A18560F,0.23869105875103425
CC_8A19196788FA,0.08319321759713652
CC_8A25FA445037,0.1181053572379829
CC_8A29EA87B295,0.1418843799381061
CC_8A2AC87CB22A,0.0863211262193782
CC_8A34634E7423,0.5378129729471255
CC_8A38BC1AFE57,0.07346264420314719
CC_8A4CAF0CD0F3,0.11541457454008892
CC_8A5A0429CAB0,0.195975326856499
CC_8A6E60FAE870,0.10378328972895284
CC_8A7DA054E397,0.8537072425902167
CC_8A7F5FF4B421,0.13165744548935898
CC_8A8249A44847,0.0814127420193105
CC_8A8BCE16DF45,0.1860768409800913
CC_8A8EC764734B,0.1430802863252233
CC_8AB553BFA00A,0.11421055410765095
CC_8AB57DC077EE,0.5837048123068466
CC_8ABA5808D313,0.11275634372618484
CC_8ABDD9A05C87,0.37743002287412675
CC_8AC7520DBCCF,0.16129633365355406
CC_8AC7F8BABF28,0.10341550064792866
CC_8AD67FB3A5CC,0.6782253799770344
CC_8ADDCF5EDCC1,0.09088584968451544
CC_8AF1C3A0799E,0.8721804325843084
CC_8B388FAED0B6,0.11220143720629049
CC_8B46CA903D09,0.0664095457515641
CC_8B5819403FC8,0.7729821107072169
CC_8B581B8207A9,0.10847621589371592
CC_8B6DBEF19F46,0.1433900362433384
CC_8B8326C4C229,0.10383718086777274
CC_8B850FDCFC83,0.13672869825365142
CC_8B8F41F19B72,0.0969602740655596
CC_8BAF98C60957,0.14946762057114887
CC_8BB0824B181E,0.1002961801704572
CC_8BB963DAD9E2,0.13786924051208593
CC_8BBF5F939D7C,0.06459432360978035
CC_8BCBDCF4DFF1,0.0
CC_8BCE343561CB,0.6405580353574281
CC_8BDA87361657,0.061547714617329455
CC_8BE68A4DB87C,0.15305295287854798
CC_8BE9BBD879A5,0.06951398669101796
CC_8BED85B91011,0.39241469326885703
CC_8BF68E552DA2,0.14097960455566527
CC_8BF832E6464E,0.7877013488789778
CC_8C1561920E84,0.28584152245675243
CC_8C2A7D9A667A,0.09419647121585699
CC_8C3A5DFE70B9,0.14072432455516523
CC_8C534CCBDA4C,0.11817745149894923
CC_8C6472A3EEAB,0.08937688470420928
CC_8C6B4854D16C,0.15976875873597132
CC_8C76DE4F58D4,0.08613688635713422
CC_8C7DA3F4F88F,0.15607396124626643
CC_8C8527DE7DD7,0.11873142748708168
CC_8C9416612FDE,0.3269833982392153
CC_8C9973F02AD6,0.34447537436138675
CC_8CA1DB61A2AC,0.07893783860759676
CC_8CA59CAE22F6,0.20424573746040237
CC_8CAFD04A6EDD,0.11422232597267146
CC_8CCCC389913B,0.6115915974464957
CC_8CCEF12DC7B9,0.178926952632569
CC_8CDCD714BD1F,0.7073935359652139
CC_8CEC7987D1B1,0.027795462707097096
CC_8CF621ADAC0A,0.2598081899023676
CC_8CF8FE2A4B82,0.26242889154021176
CC_8D048396D9D5,0.10296885127780778
CC_8D1089C58563,0.5282014190691972
CC_8D35A37FC4B1,0.16796409907255128
CC_8D41E12FE5B6,0.08418102299893677
CC_8D4A859839EF,0.2383420674920265
CC_8D4AD431C55F,0.09325915528460584
CC_8D4D882CA579,0.12408697987166509
CC_8D6151025078,0.10361035010234566
CC_8D637233FE54,0.13277581519077977
CC_8D6AEBA2D7EC,0.1455642685110058
CC_8D6E16DED971,0.12419214442471643
CC_8D7329F79BBD,0.39445215240998543
CC_8D7B7307C43F,0.13504790115285004
CC_8D7B9D4936EC,0.7288419308679702
CC_8D80B1B44AE1,0.514263926519164
CC_8D9516D61143,0.5643017812160624
CC_8DBB8445786A,0.08484157732323544
CC_8DC5B86D9DCC,0.6682721148722908
CC_8DC6465998DD,0.14514352211440396
CC_8DDD0EDA9CB2,0.1400150662219488
CC_8DDEF0265CB4,0.08178193995818636
CC_8DE06BEB95A1,0.06182455083420932
CC_8DEBB5B14A14,0.15595722737164497
CC_8DF5BE7F759C,0.08921407008758558
CC_8E0ADCC71F85,0.027554727966822012
CC_8E0BD86F6F0E,0.13030624690034912
CC_8E143BFCF3E5,0.15034237169458384
CC_8E170A60D71C,0.31220700493595194
CC_8E1C3A21FAEE,0.13891497025555036
CC_8E408E18F060,0.11628544203093344
CC_8E42FB163DA5,0.7322480775359227
CC_8E47536D29BE,0.259423963976575
CC_8E50AFFC5BBD,0.07629085154369711
CC_8E5FB1035354,0.10634338328321657
CC_8E7B9B8DD1A3,0.17987570741186495
CC_8E85B08196AF,0.09207084879581713
CC_8E96FC75AE5A,0.09552643553313415
CC_8ECAB5A6C7B9,0.07760766688055848
CC_8ECC4C7A6638,0.5608475436323365
CC_8ED6F13C35F5,0.17805136913006736
CC_8EE5E9467038,0.16067542015303782
CC_8F037E5AE692,0.1024681360372133
CC_8F1A418D96B3,0.17184413115941022
CC_8F1C4014F91A,0.20528714173656412
CC_8F30A5FC9D49,0.12213290323755727
CC_8F3456F298F7,0.13020424195769237
CC_8F393D485C29,0.2950490145197495
CC_8F4A41130110,0.08538897394482313
CC_8F7AA6E4D486,0.11270066658239733
CC_8F887BE25314,0.13276598953083857
CC_8F90CD1A5E00,0.13548355484570973
CC_8F9B26042C4A,0.13268830548662053
CC_8FA9423E65C6,0.14262074392878948
CC_8FBA6C32E0A5,0.3423507577868238
CC_8FC1C50C41E7,0.13263962270372248
CC_8FD005425792,0.09421855535020231
CC_8FD6A223135B,0.1339647399318542
CC_9002450E1B5A,0.10492601408630098
CC_901CE62199C7,0.33905110739242333
CC_901D2136E1F9,0.150896417661272
CC_902648F62345,0.1360089009675437
CC_902BF0612E70,0.2372354846666384
CC_9036F7423277,0.23790577658681095
CC_903AD2767BAE,0.6075081966663963
CC_903E4BA690FA,0.2046878893698386
CC_904386E31210,0.08411482349595689
CC_904EA6C846F8,0.25401908899580633
CC_90549DD3CC39,0.14282740414490305
CC_905739E5494F,0.11783731117301269
CC_906F852C69D6,0.6409547710934766
CC_907911F4930A,0.3065328502817454
CC_90798A7273BD,0.1418286582362704
CC_907F3A8AFCFB,0.11883882068795694
CC_907FA7722881,0.09006983092675803
CC_90812D9F30FE,0.13566987510412398
CC_90870A89F310,0.07011097358883417
CC_90894CA021C3,0.6467820267290784
CC_9092C5EBF5F6,0.15300055601038232
CC_90A10D649D9C,0.5504108716880739
CC_90BF8E127519,0.4706660168996056
CC_90DBB385A7F3,0.6572051909513126
CC_90EAD308012B,0.2919995325659105
CC_90F4BF0B868D,0.05336251748835913
CC_90FA39516EAF,0.132376505798026
CC_9117894F31C2,0.159916321548911
CC_911ED63BB556,0.21225325422413094
CC_912730AE6E8F,0.14049253281182444
CC_912CA7EE4C26,0.14196635638137647
CC_912DA46AAED2,0.1270772789176033
CC_9132E67EA479,0.15886770657765337
CC_913D95FB31E0,0.10482792065263964
CC_91529F20D461,0.731459444210379
CC_91586318C780,0.16973738123210313
CC_915F2708219D,0.19700907667184242
CC_916CCF9CBC08,0.04915625839067528
CC_916CF77A29CC,0.08976606858223164
CC_9189E4FF82C5,0.09085928762673806
CC_91A27CB6139A,0.10497661935220148
CC_91B7A4A15A37,0.651413474978225
CC_91C2077BA6D7,0.03914130944970423
CC_91C4CC43EEE5,0.12140438203768902
CC_91C55BE33AC7,0.08305078626029169
CC_91C81BC58B49,0.0
CC_91DE12EE18A7,0.3241143378173145
CC_91DED13CDCD9,0.15228558943536338
CC_91EF639761F8,0.15030906062341357
CC_91F23A7E743A,0.3788186200494927
CC_91F4C5E889C7,0.7708926101680998
CC_920E91EB28A7,0.13326723884924013
CC_921481F5F77E,0.21608738175250336
CC_92221DB27176,0.21587591112404841
CC_9224D5677C66,0.10397773466184221
CC_9230B9656F93,0.2001587198058285
CC_9231D0F8A993,0.8259003544922346
CC_923727159A8F,0.07708764611264585
CC_9248706729D9,0.1037421965891006
CC_924AEB5DD991,0.12847234686483072
CC_9250BA851692,0.38369149241821243
CC_925BACE3417D,0.13632256902271717
CC_9260CD0D7C0A,0.229592579706937
CC_9285EB21B38A,0.13118304438505243
CC_92A09F03DAB5,0.827144883057043
CC_92BC35D7F9CD,0.13932494522562297
CC_92C5FE9E5B12,0.5933642039612519
CC_92DC8CF8C902,0.1209993429608649
CC_92E006664648,0.19365206755029787
CC_92E4EFB9F0DD,0.13787424625356057
CC_92E621E0298E,0.1448923701698719
CC_92F412AC7D22,0.08722154656136881
CC_92F42886B7E4,0.2767075825046272
CC_9301E23D376D,0.6862545715772771
CC_931133320380,0.16896519448241748
CC_9314B6D8B7F2,0.11390962520928474
CC_9337E3B43211,0.14826351884918199
CC_933E044F26DB,0.1132639848115703
CC_934BB89938A3,0.11884146253509847
CC_935296A995DA,0.12172671990064692
CC_935326AF26E2,0.13408247110448368
CC_935B72B8E7F0,0.10272142823175821
CC_936FF3C9BE68,0.12148653166383735
CC_937FFE1718BC,0.05510189936295823
CC_939F92AEE460,0.8273209091553065
CC_93A4365B25CF,0.7881944449255368
CC_93AB9D6A7EFA,0.14335590827359615
CC_93C719738590,0.8551373749274926
CC_93CB48930B37,0.18270001299335653
CC_93D24FAFD21D,0.12054162763972519
CC_93DB5F477493,0.1308879157624961
CC_93E1CAFAD44D,0.14277067493292722
CC_93EC9F853123,0.16457033464688237
CC_93FEAF515A8E,0.08244170006305684
CC_94063A67F136,0.2499228338006832
CC_9406E32819F5,0.08783386671852225
CC_940971CBC1A4,0.08100684021281028
CC_940ADC8DEA3F,0.12367554209729147
CC_940C7E8E0C52,0.27859477042573183
CC_941DD2E1DE56,0.12698351839863375
CC_941FC1FD0D55,0.17703292715352692
CC_943B720DB5BB,0.16088099813788131
CC_9440309323A0,0.1711467361848316
CC_944B461BC558,0.13154879178587886
CC_9453654BACE9,0.1576172365300689
CC_945888CEAF10,0.1961651993579048
CC_9458D4A483A8,0.1083533463949337
CC_9464BA7E98B9,0.11478963147818422
CC_94794B478A5C,0.39179019090415473
CC_947E58EFF90A,0.0405986798175261
CC_948537FC17AA,0.7834027689084536
CC_949576D25153,0.15783935977081187
CC_949B8CEAD619,0.12358829450060071
CC_94B4E05906A9,0.12731957262038798
CC_94C3B6F3B0CC,0.11315441705193964
CC_94C3D9D8FBF3,0.5838888986805497
CC_94CD530B2099,0.19554658445980205
CC_94E9D1E527E6,0.0
CC_950450C0845E,0.3792295634676421
CC_95169A4360C6,0.13539223412716828
CC_951A69571676,0.09521596758874
CC_95232636844F,0.15984353039573773
CC_953A5913EDD3,0.1313128510735487
CC_953B678083F9,0.008065288420168654
CC_9541BD0604B6,0.11551016604393476
CC_954404C1BEE6,0.386788367427376
CC_95444ED71872,0.11720388257608848
CC_9544B86C78A6,0.7677757996226314
CC_954AD7E7C8F1,0.135631195107269
CC_95525CC6C854,0.12734013153599125
CC_95573B318A91,0.07069874473632684
CC_9569309DC18E,0.12497701630632257
CC_956A2DF28600,0.25578026406350163
CC_957C7A0D7B72,0.1854952574441142
CC_958BECCA0BAB,0.35817893597340855
CC_95A6C4DA2F12,0.4599013320712104
CC_95AB75B5BBBB,0.13032646278379972
CC_95C1274DD7DF,0.028439847992190015
CC_95CD8F6A8CBA,0.1433783871959919
CC_95DD4DC604BD,0.15648328409040213
CC_95E1AC08266F,0.11990484723920733
CC_95E3DDCB74EF,0.07858939888406294
CC_9601384AC971,0.37694035620167643
CC_9608A73A8025,0.14185814245530837
CC_961F3BFBDDAC,0.8008633529908052
CC_96206C1277EB,0.16143011390489503
CC_96396AE6347C,0.25575029344306927
CC_96416D2A937F,0.19212408710568646
CC_964C2E0B00C1,0.17849263035088786
CC_9657A2A04BAF,0.14952317778407492
CC_9662D713B7BB,0.12594013375052657
CC_9664F83B7F1D,0.19626879772080574
CC_968AF836D0C4,0.10035516693787137
CC_96A6735A4317,0.12258833045850145
CC_96BC62A4A0AD,0.14587594032311849
CC_96CD75668A6C,0.12496707423817227
CC_96D928252719,0.3285570806594347
CC_96E40BDE9A6C,0.0882960954999368
CC_970116768415,0.11664391302915408
CC_970E94875C2B,0.6649283036911463
CC_9721C8A61D80,0.15874886947507516
CC_972313B0F814,0.20767315254491076
CC_972FD8FFFF63,0.6144645969874568
CC_97478A77EC17,0.24405361097989697
CC_974D14774BD8,0.0857189717080226
CC_974D86BD39FD,0.030846338406153417
CC_97508465AB76,0.10925712709513327
CC_975689C0CD6E,0.11459357115474304
CC_975967702106,0.10699207437644509
CC_975F3F07ED23,0.05794229857065883
CC_976E0D9A64ED,0.3710095333004928
CC_977145B2B363,0.27131880323297547
CC_9772CABFE1D2,0.8210121032961467
CC_9773C1E6AC8B,0.6448153484879295
CC_97832657396B,0.40917789487855105
CC_97963C337FD3,0.3726614179653364
CC_97978B581F20,0.13607058850803738
CC_97A9ECF23955,0.13493038531169121
CC_97ACD6D965F3,0.13112786605753296
CC_97C69AF6E34B,0.6874269764004761
CC_97D0E7256861,0.5767661692855619
CC_97DEBFBE2BDE,0.32116980177367227
CC_97ED469F2950,0.13062239997305175
CC_97EE84ABA6BF,0.18835765916354394
CC_9801B22BF375,0.15738311221805779
CC_9803B6D4D780,0.27087296213030765
CC_980E90C8A301,0.12082796479503542
CC_9814B3D08A69,0.10141932501293485
CC_9821BD45BB0D,0.15946672207680343
CC_9829FA0350F7,0.0438118280177191
CC_982CAA309A38,0.1387178553660235
CC_98346EBF382E,0.24253865928656593
CC_986698CCC6AA,0.1259879803757344
CC_988FC580CD50,0.16518627132426617
CC_989795BA3DD2,0.0845705092470293
CC_9897A1DFE807,0.10003869900939015
CC_98A2C8F4E956,0.12405800435942005
CC_98A3E6CDC707,0.20161645635222322
CC_98CE15EE1565,0.1223541874125119
CC_98D036D16215,0.035739241345543626
CC_98D09B14EE3D,0.5663957571217878
CC_98DB782DF852,0.06935259111546964
CC_98E2EA67BC97,0.15348206635970907
CC_98E6E7CF74AF,0.0973601777461725
CC_98EEEB2A83DF,0.7011718764383327
CC_98F3D3194788,0.12824452117293184
CC_98F8A8CF4F9C,0.30344272293041064
CC_98F91BAB57EE,0.11402047565792127
CC_98FA377070FB,0.1255596244246177
CC_9900D0479959,0.27553103425423286
CC_99061A735C6D,0.24821797744527158
CC_99093EC1A2C2,0.14991273637923097
CC_99376CA4DC26,0.035302884696490205
CC_993A588895DA,0.1277266144546317
CC_993EE6417CED,0.11776999625536197
CC_99559319913F,0.08070972299261357
CC_9970123DCC41,0.2926518619949387
CC_998BB6848FDE,0.08263164042150933
CC_99958287B2A9,0.37034908705627123
CC_999BAB2D16FA,0.3719582330781545
CC_999C7029261D,0.8764851035772904
CC_99AA61D1896E,0.09435156355012028
CC_99C03E7D99CE,0.03599186690206663
CC_99C62022794F,0.12858119443368932
CC_99D46BE6593A,0.2370886180018223
CC_99D5A5371B39,0.10553020910493072
CC_99D79709AD9F,0.7557820768363546
CC_99D7DDAA460A,0.1459159826917655
CC_99FC44B3C58A,0.15267133985039077
CC_9A02B2A17C07,0.1160559594103277
CC_9A05DE55D408,0.15818723550761649
CC_9A0C42AA09BD,0.5078798034613063
CC_9A2B390551F6,0.0
CC_9A2D66206BD1,0.31241139661656564
CC_9A366E181FA0,0.11457898897785149
CC_9A39365FA850,0.6133952422645479
CC_9A42833BA860,0.09405908172500799
CC_9A4911A0140F,0.13722882863473407
CC_9A4FE1E8E0C5,0.31844552710943497
CC_9A51017C734F,0.24099608544927908
CC_9A5DCCD62D0A,0.3695017244304163
CC_9A602F492510,0.1695528222219329
CC_9A66BDD34B89,0.046204046770921686
CC_9A6AB0AB1E67,0.06266886404411826
CC_9A7049ED5656,0.5722417608152505
CC_9A7AF31828E5,0.061365403101689975
CC_9AA750377C6F,0.11812100831444712
CC_9AB359C82202,0.10639355692841236
CC_9AB7BF77EE83,0.6913456902593124
CC_9ACAC8474B9F,0.0223893179259744
CC_9ACCA4FB9101,0.13611889651057985
CC_9AE1529AF9E0,0.15354721613350691
CC_9AEE181F1156,0.12148764656754858
CC_9AFD130D3725,0.2125354310588637
CC_9B09C3353732,0.1163588147453962
CC_9B0D37817EBB,0.13221854356362192
CC_9B290B59155F,0.4178358132008882
CC_9B2D487C64B0,0.12939174747876425
CC_9B3DEC76ABF7,0.0
CC_9B4F778D0A6E,0.22510473926868016
CC_9B581A92C2A3,0.46366264421979286
CC_9B5CA8C38414,0.2629645858903079
CC_9B6E82167593,0.21282125332780122
CC_9B6F6B2BCC05,0.2851694680370903
CC_9B7FC3DA1594,0.37464921271330787
CC_9B957DC280F6,0.13178372396961782
CC_9B997DF20042,0.28448736213590253
CC_9B9BC4B83736,0.10899591368309161
CC_9BBE1A16C04A,0.12133385285952286
CC_9BC63F1A568C,0.24955223571304652
CC_9BCB0166227D,0.2838221827584685
CC_9BD3DC96ACC5,0.17862079289186203
CC_9BDC5A0E43C7,0.4050418490634336
CC_9BF9485A3F9D,0.2697894927164836
CC_9BFE93FF2145,0.13931722254024015
CC_9C0470A0536E,0.19057983022249636
CC_9C205AF09E47,0.4466442028275663
CC_9C30DC5C1E46,0.12154494932397523
CC_9C325B6CAD11,0.08403342121710444
CC_9C4A200D0BFB,0.34013598874339535
CC_9C5EAF238007,0.1880017812569903
CC_9C601C6BBD37,0.0958082234817656
CC_9C606C2C92CC,0.0949634512556575
CC_9C6192D3A16B,0.10795536293380525
CC_9C84FB9B1469,0.14135824135402797
CC_9C989433D637,0.19219713594743293
CC_9C9B2FEB4937,0.09131040550424224
CC_9CA7FBE1DD54,0.12520845403211905
CC_9CACA50F80F2,0.1892281813472822
CC_9CB40D552388,0.08073445807887553
CC_9CB8127D17F0,0.0501701234010552
CC_9CB9CE2989CF,0.8058685001256335
CC_9CCE51CD83ED,0.8745627656664706
CC_9CDD2F3D0BE7,0.07941296331678994
CC_9CDEC693AA99,0.36024086052017024
CC_9CE9091AA9A9,0.22814868584979617
CC_9D007C60D29F,0.17377970252083808
CC_9D017774D4FC,0.6978334932874858
CC_9D095EC1F232,0.1618983836327465
CC_9D1A1281C8FB,0.18744372088695574
CC_9D23F42B7996,0.4058830392367507
CC_9D2FBC479646,0.5963974464794782
CC_9D363365CAFD,0.09891949769094446
CC_9D44E4543573,0.1607983328927039
CC_9D45F67E3B01,0.07070037436143378
CC_9D535DD207D2,0.03229077572082928
CC_9D53ED53A15A,0.5692302379621859
CC_9D5D97AEE98B,0.46905925788860453
CC_9D5F2A5B6913,0.032399701000178804
CC_9D6BC1C470B0,0.3616357502229143
CC_9D71FBDE765A,0.0
CC_9D73939E357F,0.0
CC_9D82F401BD88,0.5077856010786632
CC_9D8B4454BE84,0.3223911211796677
CC_9D92537645DB,0.12699117733976623
CC_9D95ADE03ED1,0.24788471783499613
CC_9D98FE7A1809,0.05325134810032775
CC_9D9D59757786,0.06875939547171159
CC_9DAEB38616AC,0.14118514362316192
CC_9DD55CC0E928,0.0
CC_9DD6B460CDFB,0.24290637686235028
CC_9DD80B5E3729,0.07833466948028059
CC_9DD82B4310AC,0.39021108299191004
CC_9DD9389E8AE0,0.08009194185382855
CC_9DDA8ACEB3D8,0.1015710678371355
CC_9DDCD898D01D,0.13881376648050103
CC_9DDD90B42A27,0.8634224522848326
CC_9DF1807A4316,0.04126411812482764
CC_9DF786FD2620,0.4862592150172843
CC_9DF7B9B3C8F8,0.10120201178306407
CC_9DFF6E2AC586,0.11050457149790988
CC_9E0546BD7BD6,0.1297639007529813
CC_9E0BE8227931,0.03117919349320769
CC_9E1A205BA261,0.40066953286382756
CC_9E2967559B00,0.12067345659581039
CC_9E323A031449,0.8202849480412704
CC_9E377CC03D51,0.03569246368969148
CC_9E3B83584C12,0.16406060255458152
CC_9E3D46FF5709,0.643167029821062
CC_9E4FA91B86A9,0.13331774655083017
CC_9E53534DCD6B,0.19973985072546488
CC_9E73656FC8C0,0.6177136898018815
CC_9E7430675033,0.1114054193160364
CC_9E84CACDD7B6,0.2607187674555576
CC_9E84E0E4C5BE,0.11574707635405096
CC_9E9C65275B4C,0.09795042284239669
CC_9E9CB6473D59,0.26585864118480407
CC_9EA4F11BE6C2,0.13782576876207128
CC_9EBE3F26F2FB,0.11870748828951956
CC_9EC23AB6C573,0.3207046525511258
CC_9EC34DDD0E53,0.07760021596869864
CC_9ED8EDFE8C55,0.14792063236414726
CC_9EF352F179D2,0.07665531239615749
CC_9EF505400F8B,0.5322814129738181
CC_9EF66D83B743,0.34155438663687954
CC_9F051572BFE4,0.15605679964672303
CC_9F151A782BAC,0.28378131463080175
CC_9F1A5DF4619C,0.5436421589040059
CC_9F1BF78ECD7A,0.23102135316153546
CC_9F263092AD72,0.1464453150083824
CC_9F36EC36A9E6,0.036949728221900624
CC_9F3D52242888,0.09735258830927242
CC_9F41F312CDBB,0.10479612694886598
CC_9F425167F9ED,0.09639305872234213
CC_9F6981E0009A,0.35534880679414904
CC_9F706DFE0AE7,0.012332452357737778
CC_9F7B525DD52D,0.27101734413956796
CC_9F8D5A5A9DAC,0.13811409027371363
CC_9F8FAE57E6A8,0.1645029659769408
CC_9FD1AB8E65FE,0.06391185556041676
CC_9FD2689202D5,0.18115446480564784
CC_9FDBB5C2CD09,0.022960835140273972
CC_9FE52BD71CA2,0.12134113957383108
CC_9FE8E62EB24D,0.12310039897451866
CC_9FEA59AEA00C,0.08465287137943109
CC_9FEA77B36A29,0.36445258404229613
CC_9FEE9701D16D,0.18829981328779555
CC_9FF35BA60E6E,0.13679391312209382
CC_A0003F08B22E,0.2143553285731985
CC_A00AE2543224,0.09532991789365922
CC_A02A29DECDC6,0.13745376245958196
CC_A0336C21117C,0.615283599796571
CC_A053B42BBE0B,0.14796616473659469
CC_A0591F16FA37,0.0790633056834715
CC_A05F962C80FF,0.12546985555670395
CC_A07B0549E53F,0.13698037121230144
CC_A09F230CCF5D,0.6218191268649764
CC_A0AED6346ECD,0.13960612935831157
CC_A0C4A796643F,0.17545255710594856
CC_A0D6DDFB430F,0.11321787376480333
CC_A0DF672F9C4E,0.12558626299315778
CC_A0E8C7C5558A,0.29213205886933724
CC_A0E9269DF22C,0.5541567649966588
CC_A0F1DB5CB28C,0.11296987847025308
CC_A0F42B26F8F0,0.07384656518335252
CC_A0F8F80EDFB0,0.1677874960711356
CC_A10AD9550E4D,0.0565352346381405
CC_A10EB26E5EE1,0.14272045322653307
CC_A111B065F623,0.09083610564142681
CC_A113D95B4AB2,0.22586713779215326
CC_A1320C0F0129,0.733885347958069
CC_A1348D850EFD,0.8058477418842049
CC_A13D08B372E8,0.09133944509937199
CC_A143E64BD9D6,0.22834649391261203
CC_A14B0A24DC3C,0.11655578140496617
CC_A15137F25F7C,0.12532172593823548
CC_A152DBEC5BE7,0.09154568970004731
CC_A1591CFF6D81,0.14582680901625672
CC_A168CCB582C6,0.2768379551043871
CC_A17DC38133CE,0.746564345518758
CC_A185D5EA3DE8,0.6054586085676389
CC_A19C842508E0,0.12243350370730621
CC_A1B648DA406D,0.040877950569058796
CC_A1BF7028CAA8,0.0
CC_A1D035FA36E1,0.12108949818689106
CC_A1DD653D41A7,0.039005760804281
CC_A1E3AD4B934C,0.2312591371818379
CC_A1E58421CE87,0.03360726711905365
CC_A219144EDEFE,0.062109296164061176
CC_A21FCEEBB3C3,0.4837558257591897
CC_A220E4278D79,0.0
CC_A2231BDC961C,0.30734630200741386
CC_A234E219EFC7,0.36043150929654816
CC_A239B1BD81FF,0.096207209345375
CC_A23D8CFFA31F,0.17681383245030768
CC_A23F463F4B4D,0.056382742131218744
CC_A23FFDC4A7A4,0.07350030022531279
CC_A2423E273F84,0.1312373341631441
CC_A2493E6036AD,0.16677106326768032
CC_A25C54470CED,0.07362970065238328
CC_A25FA690BBBC,0.13259584894811083
CC_A2636CF7C075,0.1188325697763777
CC_A26C22870E3D,0.42103144958340166
CC_A26F6A272B3F,0.07981794945665824
CC_A27CDC9BCBAA,0.13784934792199252
CC_A27E5269DA60,0.18781328345505982
CC_A28D4A46B6FA,0.1252447103844972
CC_A28EB319030E,0.06416813205681775
CC_A294D3A59462,0.9064663332314143
CC_A29D8034C304,0.12157092409763857
CC_A2A109409963,0.06525953027333159
CC_A2A4FA5F9962,0.12356623295788761
CC_A2A7E30C59D0,0.1176261466237091
CC_A2B5D2D4E269,0.4574805001733311
CC_A2BB24180208,0.3041204231489519
CC_A2CF1DFEFE46,0.36901034628619767
CC_A2D6090EA5B8,0.15081846107586327
CC_A300BC40BC9D,0.07376020744845008
CC_A3212501F639,0.2302731810258414
CC_A3278A566572,0.1524060573825628
CC_A327EBE4F783,0.1559365656635502
CC_A32FB6659B01,0.14364650387004374
CC_A33915EE72B6,0.03288309510228263
CC_A33D350BE79E,0.2172840648902907
CC_A3553B8AA8F6,0.09378352012912172
CC_A36EB077BF3C,0.03448004963089338
CC_A3753EB66DEC,0.13910541743136584
CC_A378342AC9BB,0.12623011670055428
CC_A379E9455C60,0.14400360449809815
CC_A387ADBD7249,0.12423856724495418
CC_A39E961FC29F,0.21412269544036672
CC_A39FA1EF0B16,0.3266376213815305
CC_A3A4E39FB04D,0.13958603399647762
CC_A3A751BE68D2,0.0662052333944773
CC_A3ABB3C5E9D5,0.6504891295030713
CC_A3AF9C2C68F1,0.19854219402968798
CC_A3BEA14873AD,0.14257240680377892
CC_A3C2FEE13C37,0.10430480104136874
CC_A3D6435D5F17,0.1256811472379702
CC_A3E3E51AD0E7,0.12454111660236752
CC_A40566694D53,0.14105199614313702
CC_A410C0DC7125,0.11898723066527561
CC_A42168D2B94B,0.037218957721798174
CC_A43CED9AFEF5,0.3386754993132469
CC_A4475A788D13,0.13761553142614985
CC_A44D677C0C07,0.09570163821055505
CC_A44E2673E71E,0.07104939020562555
CC_A44E79A96425,0.2840182440504112
CC_A462CA147DB9,0.1207001373156647
CC_A4660E424386,0.28798718115246064
CC_A476C9F116F6,0.1624006402141818
CC_A47C83B6EE2B,0.15384767057610318
CC_A47F8594678C,0.20574691861167516
CC_A48A7592F96A,0.1274844841458835
CC_A49195E659EE,0.08881344922376888
CC_A498A936AD21,0.1286231906896727
CC_A4BE6692361C,0.6081586525196009
CC_A4BF2115580C,0.10834560666152959
CC_A4CACCD14A0E,0.06429596853564101
CC_A4CE57A1AB74,0.0988554754386827
CC_A4DE4F1B5F93,0.14334034697216796
CC_A4E300558DAB,0.11444297577108835
CC_A4E972915D89,0.8896206028140657
CC_A4EEA04CF3D0,0.16056117751373172
CC_A4F400E9A0ED,0.1150586619376587
CC_A4F550D7F95B,0.2009913013241204
CC_A4FB91B1BF31,0.07770435795605403
CC_A500C1ED0A33,0.2768093471926041
CC_A50471962A96,0.6761061446698275
CC_A5161D8AA57D,0.1386730747485602
CC_A519C84307D2,0.1163820632064069
CC_A5277A9BE02B,0.5808348133661027
CC_A53578FCEA71,0.12384807052653066
CC_A54EAD1CCE27,0.10625337307418359
CC_A5512DA239BF,0.2182637930503464
CC_A5545DF298BE,0.07492241070941433
CC_A556EEF3010C,0.4069099431119567
CC_A56756C65136,0.3385120000391695
CC_A5852E06D2D5,0.23626533166531816
CC_A5886994671C,0.22321517035654836
CC_A594D8B41A99,0.11641332301512503
CC_A59C6A6B71C3,0.10987618922712389
CC_A5A06987AF5C,0.16300958315586198
CC_A5A1512FEEFD,0.12863505183638774
CC_A5ACE4284283,0.13707775322041155
CC_A5B10F07BCD5,0.09814653849920901
CC_A5BC9ACDB4CD,0.13018170288726194
CC_A5BF8B260922,0.4731978518665053
CC_A5C52379AE06,0.20344321616262184
CC_A5DD4441568D,0.0412707210011693
CC_A5FE3BE2949D,0.050299220068073636
CC_A60EF94F09C4,0.3258477733647627
CC_A628BE74CB45,0.11980160947548085
CC_A6292E9B43AD,0.09348028430771482
CC_A638610BF8F8,0.15274957005918988
CC_A63BBA86CE9A,0.2594652619310064
CC_A63BDDAC43CB,0.0891158441499575
CC_A6409E37A735,0.10274456129507192
CC_A655EC341406,0.13501970811938185
CC_A6562E47BFC7,0.18055851504785111
CC_A6563A22D668,0.5988778953302936
CC_A6601278C1BD,0.09017174101630374
CC_A683678AC9FC,0.3230800317978503
CC_A6864FE80A94,0.11765662862605412
CC_A69117CC3C24,0.16253168585926298
CC_A69928C7D217,0.15026757599885915
CC_A6A8BAF7124A,0.330615361360048
CC_A6B7DFC69AAE,0.4749688185853129
CC_A6BB595B55AA,0.03562127458215031
CC_A6C5284C4586,0.1295843228324794
CC_A6CB0D0191D3,0.18686637283677782
CC_A6FA3FA9F0FB,0.12428162119782374
CC_A6FDADD23BD7,0.05945743868722238
CC_A6FE3938F001,0.13531576203911078
CC_A71DB65F0BBA,0.5254015994809484
CC_A730F4964FD4,0.16440923423353293
CC_A73C02C58DDA,0.16271503921249444
CC_A746BC2289C7,0.3364583520193235
CC_A766C3608214,0.12736860560780777
CC_A76F48111A8D,0.1399127729241827
CC_A77AEC8AD2D1,0.0
CC_A781174166B3,0.15074845878809823
CC_A79024286DFF,0.11960236067945629
CC_A792720B875E,0.06881777466961014
CC_A7952C2BC5B6,0.038862686092112575
CC_A7954EE1A1C4,0.08142861294571123
CC_A7991E6B3CAD,0.2818112995040911
CC_A7B141DF4AAF,0.11005243738425038
CC_A7BE2CED0B93,0.03527144761897072
CC_A7CF446093DD,0.2538793334393763
CC_A7D1C6692090,0.11986125571208445
CC_A7D6CAB54328,0.30606980717243903
CC_A7D8D1DA4EA6,0.10062354556783096
CC_A8102BA6933F,0.07526167539977258
CC_A81C1EDC5FE0,0.1342591052740652
CC_A82C0FDDC303,0.12016896776628953
CC_A83F92C0CABC,0.15049702746512678
CC_A849B0F60EEC,0.10220610845225635
CC_A852AAB180D7,0.0
CC_A8536626873D,0.18141349526070838
CC_A85F953FFD40,0.10380899664464724
CC_A865A3F1E28A,0.6930667223542074
CC_A867253FC73C,0.3157790140876465
CC_A877592FE1AF,0.15159566797454524
CC_A8AE26057851,0.15193962719620513
CC_A8D50530622B,0.256999736925985
CC_A8D5C834B061,0.7716199648389209
CC_A8DF49EED27D,0.7804486221863499
CC_A8FB53A944AA,0.12803678258621087
CC_A8FF19BCFB18,0.2570448712783596
CC_A9042AA97760,0.10471124120434117
CC_A917D68B7F33,0.16287017783578872
CC_A925B3023F01,0.18813446087119642
CC_A93A49678A0E,0.7252645881796453
CC_A944C14551E0,0.1355437583329375
CC_A949A4D6CFDF,0.0522679475658438
CC_A96085AAACBB,0.5969304895299556
CC_A968E7B519AC,0.4439245267982245
CC_A96F61DA3920,0.29409433111994365
CC_A98AA461487F,0.028904844702148907
CC_A98DE37F48B1,0.09755711575179624
CC_A99526CAE7B8,0.12029434567934363
CC_A9997F50D935,0.14459908708919897
CC_A99C3B09B728,0.11503824115234088
CC_A9A0DADE60F5,0.3605908422051737
CC_A9E27E0F8BF7,0.11862190424341884
CC_AA06B8C44B08,0.4105033809808252
CC_AA078692F54D,0.04181833214664815
CC_AA3181148667,0.1578741782793956
CC_AA36C8AD0AD4,0.10937882781872829
CC_AA36F0397FF6,0.1315421960242965
CC_AA3A8989A632,0.6225888973647051
CC_AA4A1B7522D9,0.1185229627480678
CC_AA4AE0378324,0.2598131775676444
CC_AA5E4D5A692F,0.14497869769051952
CC_AA68EABEE4B1,0.14148454082986936
CC_AA6B5A7A5B67,0.10396637692690242
CC_AA6BD423C239,0.3743918054809926
CC_AA7074B42A4C,0.46338889788417303
CC_AA7A7F3159DC,0.12682288344999146
CC_AA7BDEB972E4,0.11245908229000509
CC_AA83426311A1,0.15080975679112218
CC_AA8F7D307212,0.15176626116362185
CC_AA994120654B,0.10081048726378153
CC_AA99CC1D0A77,0.12741019092182387
CC_AA9DF917E958,0.10713743703032255
CC_AA9FC6678135,0.32329217621280415
CC_AAA47EC0D4CE,0.14879912818762558
CC_AAD9F600283C,0.13467023373505121
CC_AADF003A3927,0.07733309495772431
CC_AAECFE806C8D,0.18520220294964967
CC_AAF2022B9CD1,0.27872732581028503
CC_AAF445E4CCF4,0.10680846146609736
CC_AAFDCAA5CA06,0.5760559740783499
CC_AB0384E131D8,0.17991984576606912
CC_AB0A4F4A2968,0.24461537409709322
CC_AB108580856A,0.09667222189255105
CC_AB10FED15FC0,0.780126075887121
CC_AB176233A184,0.12540111121104594
CC_AB250982887C,0.11632559743045295
CC_AB25C565EA6F,0.0
CC_AB31BDAE74E0,0.1797118068279201
CC_AB38A76F5698,0.13634536019965454
CC_AB38F588BDD4,0.16209668428376067
CC_AB3DB55C9A2E,0.1561022391875056
CC_AB42A7DA8FAE,0.1617576164058176
CC_AB486E8855F7,0.2295747598560976
CC_AB4A79BF0F21,0.0540545571218497
CC_AB7472FE1C8B,0.14639416802218957
CC_AB78F64D1DA0,0.12219181559629974
CC_AB821E2FB031,0.0931564738590167
CC_AB873276D910,0.04484773292854288
CC_AB8CF3C05B61,0.2328445053867699
CC_AB8DD8448ABE,0.36818161588463494
CC_AB953366A38C,0.14165622516367446
CC_ABB193697B23,0.44540961375918287
CC_ABB3F0A040BD,0.1333751896075211
CC_ABB618AD3E52,0.11855327009186284
CC_ABC0DA7DAFA5,0.08452063263258816
CC_ABC49E43DF40,0.6387147999400364
CC_ABD89F61734F,0.11846196022453441
CC_ABE04CDC2866,0.5209234960884501
CC_ABE98746DB91,0.41193509854642474
CC_ABFDF22BBD97,0.1449201502478189
CC_AC0498A54CAD,0.23603168104630118
CC_AC1C23EA2767,0.32862511299342395
CC_AC1E028B2A1A,0.1108875769101992
CC_AC255B902EEB,0.18100708123921777
CC_AC44A88F7869,0.12927760729160437
CC_AC51CBCACA63,0.11678160388272707
CC_AC723E5F5EFA,0.10749871340866418
CC_AC7994A5FDC4,0.12701358485916567
CC_AC7EFDBCF2E8,0.5861083516890561
CC_AC8A45716CD8,0.14491114545724598
CC_AC8FB78319A0,0.054174336427085246
CC_AC95C517E726,0.11973864888263999
CC_ACA4C6C9316D,0.043513674853450646
CC_ACAD97A186F4,0.12783656723741516
CC_ACC12168D6A9,0.14019275588844748
CC_ACC53294D3A0,0.1128477444424348
CC_ACC6A74A8BEC,0.11403149154456077
CC_ACD94D2B1200,0.06614344226692614
CC_ACD988315902,0.05875687460927498
CC_ACDA59536C9B,0.19253202736913355
CC_ACE5A4081F6E,0.1281030740525931
CC_ACF4F9A2CCFC,0.17223335696177472
CC_AD0D7D212968,0.3276720273466573
CC_AD131D09EB0F,0.1535781465583306
CC_AD13C87CF26E,0.13772496796757375
CC_AD2050A0C79D,0.2040725589185923
CC_AD276D71D3A7,0.29598153362804946
CC_AD2C54521FE4,0.17745461268187362
CC_AD2E59624FEC,0.29708540501264613
CC_AD3A36AF2840,0.28296734941356894
CC_AD3D286D0B68,0.24875285731114188
CC_AD46818E459F,0.6095799653382009
CC_AD4BB2E22EA9,0.19580992150130316
CC_AD4F7F88242F,0.18794983234587226
CC_AD58ADCD54CE,0.5869516729051945
CC_AD71619FA389,0.10458642495149102
CC_AD84592B950B,0.06593136347592465
CC_AD9898C0E8D2,0.20802343712279348
CC_ADC70A21D661,0.24812986948687588
CC_ADCF16189AF2,0.16226089616187217
CC_ADD894E6E4F4,0.37536053751740106
CC_ADE899835555,0.1414252184171327
CC_AE0D73A1EE19,0.3346473451763587
CC_AE0F08EA3935,0.2551862719471405
CC_AE23B59E6FC8,0.25979701874535205
CC_AE289E013D60,0.1518728884446082
CC_AE34D3F7F224,0.7643395125529119
CC_AE4069D8B4F6,0.1491840690666812
CC_AE4896E2BE76,0.7434495623445256
CC_AE51DCFE0671,0.14676160051106907
CC_AE69FEA8DA68,0.11486420819757082
CC_AE7C129CC90F,0.24833064975554997
CC_AE7CD49F20AB,0.11274430498062057
CC_AE89526E0335,0.1310936210467344
CC_AE8D62CF30C0,0.055311509625799754
CC_AE8D9CE8D6FE,0.12649049681498634
CC_AEB019CB9065,0.15963176466629383
CC_AED1D50AF584,0.09516187973031523
CC_AEE546316FB0,0.24584147685405836
CC_AEE5FA00FA6C,0.3588970908834746
CC_AEEC765D157B,0.16177228628802098
CC_AEEE44D6C8A4,0.012743768618884599
CC_AF14FF3EF570,0.24737936511897507
CC_AF1C3ACBA6B2,0.1360482134764507
CC_AF1E911C98B6,0.3182975553767756
CC_AF337F410520,0.14721593100678199
CC_AF3C7BC3BA40,0.09155863717510283
CC_AF41E4075C87,0.10566970857013025
CC_AF6B4405276D,0.7831181839870666
CC_AF78FE0BDBEE,0.18453013548702457
CC_AF8238D9082F,0.0
CC_AF8CA6EE53C3,0.08577745650350393
CC_AF9AFA7C49A8,0.16158256997461895
CC_AFA1E3D3C685,0.15823386568119607
CC_AFA680030CB4,0.5082307729861698
CC_AFB351270B8B,0.09015720415131448
CC_AFC405AE0029,0.01213852360872733
CC_AFF90422E4FC,0.37622621472385054
CC_AFFBE2744B87,0.8384944080149067
CC_B0043CA53FCE,0.10260627694469938
CC_B01B2BD4EFD7,0.17730071037846
CC_B01E87EB9940,0.15774190555802153
CC_B0273E66E2A5,0.1633033005689535
CC_B03E98085A9F,0.13380079105910692
CC_B0420D8C42DC,0.3909479247327269
CC_B0497BEB9F6B,0.12194449567585118
CC_B04A5E60B69D,0.1389964344194995
CC_B04D5517A193,0.12274610666504046
CC_B05FF3A960A0,0.2030372796092611
CC_B06A532EC131,0.3083744487689546
CC_B06D33A6761F,0.11077372703912317
CC_B074D4472CE4,0.05628185419774559
CC_B07CE95BCD88,0.2971667340698588
CC_B07D79368225,0.13477823927131666
CC_B07DD1ABABCE,0.8072790142370836
CC_B086C2D77820,0.23683475953771294
CC_B088DE9C9E3B,0.13671841726873502
CC_B0CD7932067B,0.15125580566400215
CC_B0CF90073A5E,0.60511164776648
CC_B0D397D86639,0.6159944656910894
CC_B0EF4FD19FEA,0.1388107943390343
CC_B0F2F9514AA3,0.042318991157151015
CC_B0F3B79F51C8,0.24826208843555547
CC_B0F4041B1C76,0.06530520159862348
CC_B10FE31C61D5,0.08427237141862699
CC_B114E8F19D65,0.10507615742969648
CC_B117F0E3CAAE,0.13024521637172773
CC_B11D58F331A9,0.06666631590971654
CC_B1262188BC41,0.21057442353630318
CC_B12FFB2FF21F,0.12273580436155979
CC_B13253F34A9F,0.01861451396164207
CC_B137E2BBB53B,0.07063216057429578
CC_B13FEA7CDB99,0.1286725234370537
CC_B1481ED21111,0.0
CC_B15BE5C9976A,0.2329714228229616
CC_B15EB6933578,0.1481427922880101
CC_B163CCB3BE4D,0.10803092368783347
CC_B16DC354FD71,0.3828231378765993
CC_B1777349EB15,0.177547872685358
CC_B17C6CE0231F,0.1413558423440005
CC_B17CA8C22E5C,0.14743082285084305
CC_B18F3C9C30E4,0.12342450944524497
CC_B19CD93DDC96,0.04166657871767787
CC_B1A647674B84,0.12293175888477204
CC_B1AEC2E5E33B,0.26052545068591215
CC_B1B5C81AC0A6,0.13247671564071822
CC_B1B932EFD646,0.11879949088548421
CC_B1C3C0B52B88,0.24110464846342478
CC_B1C7216344F3,0.07529654561889607
CC_B1C982DBBD12,0.3808509961648735
CC_B1D81F8197B3,0.25116864977567444
CC_B1DF1DCBDC7E,0.3903992735653409
CC_B1E2C36607CB,0.10635772330907814
CC_B21351C93D8C,0.12162777547475954
CC_B2174860AB11,0.6879241905454384
CC_B235818E6A04,0.12623158233093068
CC_B23CDE30F00B,0.12888682369216883
CC_B23DE4971DF0,0.36324855098200315
CC_B23ECF574D8E,0.07633845313689179
CC_B24C41DDFBDA,0.14900152942086606
CC_B25EC73B9510,0.18319330441795412
CC_B25F69904D0F,0.12041591706327956
CC_B25FB6C11D05,0.614178467546403
CC_B264F2B92259,0.49467628790750867
CC_B26B8FC23F1B,0.1251111305785459
CC_B272E29922B5,0.1061139412048126
CC_B27AA8E27BE7,0.13913637144004817
CC_B2A68FD3C236,0.04855057917156677
CC_B2AC50C00979,0.12660179262712376
CC_B2B16D7B821C,0.17626519635511112
CC_B2B32F1511E4,0.1400231622567299
CC_B2C241A93527,0.10522943176091373
CC_B2CB104FED6B,0.47165061405098563
CC_B2D352013F92,0.06030543868404199
CC_B2DF694BAB08,0.13126167196946642
CC_B2E993A9343F,0.13265200953568357
CC_B2EF61C93AB6,0.16319599384555972
CC_B2F94405EA89,0.16326897922304218
CC_B2FC07BF6251,0.07042798440329538
CC_B301A65B4164,0.14192071284967683
CC_B313E3A208A2,0.22012283062750013
CC_B318FF5D976D,0.12561880569140776
CC_B32AEF0A2299,0.07641485072777557
CC_B33BD3C618EA,0.06726613984212226
CC_B348627365A2,0.14508549895929024
CC_B35109450BDD,0.021092743331265817
CC_B3528B870544,0.12669980722773458
CC_B3530E7CF8F5,0.13593212677627273
CC_B35C5B1DB9C1,0.06791426683212182
CC_B35FF59389D4,0.17288114600650634
CC_B3812C6700F2,0.6202604533161534
CC_B38280B483B8,0.09417157233912504
CC_B38B694A18EF,0.40112136812499644
CC_B392BDECD913,0.3161794170230684
CC_B398DF1ABAD4,0.13560132812448586
CC_B39E75E151A1,0.07356175162920911
CC_B39FD0E249E8,0.10349319398519638
CC_B3AA0891CA5E,0.346878598083516
CC_B3B1C8EBE5C1,0.18246661087637805
CC_B3BBA28E2D39,0.501159981856155
CC_B3C4DB0303A7,0.12363224927242683
CC_B3D32FE823B2,0.05412144671131297
CC_B3DA429C6C8F,0.11043067243370398
CC_B3DC5786AB0F,0.1253330838003216
CC_B3EA537531A3,0.16022024193856635
CC_B4096D3A38CE,0.07792177707396353
CC_B41EADCCC95F,0.08159843361081756
CC_B421940B9A48,0.5926331730801727
CC_B42B3B83935C,0.8048263457995181
CC_B436B1CA6B2F,0.08152220507852943
CC_B439B06AF274,0.18598583786962072
CC_B4482E7879F4,0.18977513472550345
CC_B4660022C612,0.13419603705167304
CC_B46B899B4A63,0.10918297948286487
CC_B470280A580D,0.061335885422850386
CC_B471D3BF0C72,0.49595623264293087
CC_B4751DEE43CD,0.24261625426397654
CC_B482C254BAA5,0.11622087335224918
CC_B4889D036D3C,0.7311059728056507
CC_B4950F811C90,0.09392195865032396
CC_B49A6DE7A340,0.2563953584681471
CC_B49CD4C13DE8,0.3471802810667323
CC_B4A90370CA96,0.43031478514566635
CC_B4ADE6BC8A10,0.6330839652243756
CC_B4B6F805888C,0.0217725600837248
CC_B4B8F66BF4ED,0.6407293011906199
CC_B4C6F80DEE44,0.06690650210028842
CC_B4CCE78C09EE,0.1127618043106963
CC_B4D68D1C1C55,0.14010264831829267
CC_B4DAED63089A,0.18779114565696356
CC_B4DD9841E6FD,0.21005097037615675
CC_B4EF6743DDCF,0.024396194366375107
CC_B4F67F73D097,0.12044945619108086
CC_B50EB15EBA18,0.13336640877686315
CC_B51DCAAF4549,0.24369860009180913
CC_B51DFF8702D0,0.4365220277428494
CC_B520A001BF69,0.1697032010286229
CC_B529919BF24E,0.5522573576200581
CC_B542342650A1,0.03560185539466326
CC_B54A106E91E4,0.033146658671358575
CC_B54CFFC21F2B,0.1891830812715414
CC_B55C134C04A5,0.22501293694584484
CC_B55C2DBF6D3C,0.14461503001185277
CC_B569705352B4,0.10093220847595966
CC_B56E74A967C3,0.14077830380464026
CC_B57519F33EEF,0.010893409685560018
CC_B582E4405D85,0.11901108693643918
CC_B585A11F7BA7,0.0994796272248511
CC_B59726D36AEF,0.2413569771606445
CC_B5995E4F1A21,0.16005169751345494
CC_B5AC2AAF871B,0.8205594593687026
CC_B5AD19125E1B,0.17994576672347085
CC_B5B1E42858AC,0.051871714666297225
CC_B5B7599E8BC6,0.08458242156808404
CC_B5CAE0595637,0.18401231472322796
CC_B5D49843A799,0.3485442926978206
CC_B5DDFC7AEE78,0.15214667946366192
CC_B5E29344F63C,0.18526542252511508
CC_B5EE5AE6378A,0.6233477806411882
CC_B5F2A93AD996,0.11134590843409284
CC_B5F611613A78,0.10338808111791828
CC_B6055039255A,0.8344434552245538
CC_B607B2B0AFB7,0.11470773274710944
CC_B60CFD0F39F9,0.1319897463501333
CC_B620087B1C52,0.3079133654546755
CC_B6203BBBD151,0.116832936307949
CC_B622662E664A,0.14188976921539054
CC_B62C9A2BC846,0.1468034216432218
CC_B636210548E5,0.24728972053673215
CC_B642C6714501,0.09690995215158574
CC_B64F81B8A263,0.15331050330281387
CC_B65CA581B9BD,0.17855368006521416
CC_B65D1B9B6F67,0.12319541833285551
CC_B661A8FCA431,0.045263387852540915
CC_B66AC40957D6,0.09918238579750766
CC_B672B35D1162,0.7842672121992672
CC_B68379D197F6,0.15425639886105713
CC_B6923D10FDA2,0.09953707965874117
CC_B69CC776BBE6,0.294320550644491
CC_B69E50D76B29,0.14171868673561833
CC_B69EAA8C296F,0.24115151644793031
CC_B69F7CB8CDA0,0.06870840396656992
CC_B6B4AD157354,0.13600043532328468
CC_B6BD764CB8B9,0.15392491488872972
CC_B6BEC3F4BE91,0.12149619170689754
CC_B6C13F4A610D,0.28800465309613055
CC_B6C1C3B5766B,0.12942110707175422
CC_B6C72241926C,0.16152266099698118
CC_B6CB40E245D7,0.5654204784378364
CC_B6EE58A108C5,0.09433756483758511
CC_B706F631F5BA,0.07076986236877947
CC_B71DC1206985,0.1448638270851548
CC_B72284CED807,0.22699795545619122
CC_B727865A5B5F,0.5511514427023756
CC_B72FD7EFA6BD,0.20860920895961238
CC_B7365B5A3392,0.7107939442555113
CC_B73820D308C9,0.1288782534682762
CC_B743560D847F,0.13767002257437616
CC_B76EF26F7C9A,0.11177084515914981
CC_B7764FC130E8,0.563556422219444
CC_B77B73B95532,0.102449266638639
CC_B77D6653C7D4,0.031999254912213115
CC_B77DA6B77DEB,0.16993472183309377
CC_B783AE19622D,0.15417091916827225
CC_B78761738CAF,0.0
CC_B787BA135B5D,0.3586684647268163
CC_B78B4449EA19,0.2805450228373831
CC_B78B4B7F80B5,0.23275492968545655
CC_B78BEE888CA6,0.1412353095372577
CC_B791FEE1CF37,0.0
CC_B79A58AA4441,0.11436233165098039
CC_B79BEC538198,0.06735080961177536
CC_B79DD53178D3,0.1149625923597667
CC_B7A7EFD85149,0.1347556582735728
CC_B7B5F2A15C41,0.14204518888245868
CC_B7BC46A7D4DF,0.2383124657184944
CC_B7CBC65D9AF9,0.6663282280543259
CC_B7D40C5C891F,0.13307014234634335
CC_B7D4337C4797,0.18658512229071797
CC_B7DA04826165,0.24173715501936538
CC_B7DC19DA1440,0.13876833756363283
CC_B829EC622F0D,0.5762056887659355
CC_B82B9C0C7B85,0.719627143356396
CC_B82C55DEE5E6,0.31255134381952304
CC_B8475B977AD2,0.8386485869580659
CC_B84BD2F4EB01,0.21541901953938136
CC_B86DA7D69F20,0.08150250838240551
CC_B87989F406EB,0.12325977321352567
CC_B88B702183E7,0.0458002838664327
CC_B89B80945ADE,0.15505081463349474
CC_B8A3A44BFE8A,0.2712578834839047
CC_B8A7A6548AE6,0.1824498745688763
CC_B8A8FB83065B,0.15214418864136242
CC_B8AAC20D626E,0.16049232881912795
CC_B8AC99873641,0.11167210237722869
CC_B8C9673B7834,0.12294195793410054
CC_B8D5FEB15CC8,0.10700020090308301
CC_B8DA64A33076,0.4701422122489321
CC_B8E912A01706,0.6551719334063876
CC_B90869280808,0.15527070478270966
CC_B908EC99951B,0.11370225129205636
CC_B90CBF2A6775,0.12439415266734113
CC_B91080C1ADA5,0.32787142119900436
CC_B918FB42AFD2,0.13613233500218214
CC_B92CA425080F,0.1363598896004367
CC_B937F632B71D,0.16829628287046397
CC_B94477C20476,0.23427672988307424
CC_B9483A5C922C,0.13339402194150016
CC_B954EC1C63B5,0.3148198023368901
CC_B95580F93537,0.06646320359674315
CC_B96086044329,0.09274359650984809
CC_B96EB0A91589,0.11959163145588399
CC_B98357C70A41,0.6298419152019089
CC_B9929A66C2FD,0.6122978770128613
CC_B9BB52E4C529,0.12480013180783661
CC_B9BD45744855,0.816166934258766
CC_B9BFDE4662AE,0.09128341863168947
CC_B9CEAF324145,0.04154936627643602
CC_B9E89F42B509,0.15200643084325888
CC_B9E8A3887223,0.15596928119673814
CC_B9FC67268C45,0.141300637537254
CC_B9FE9DFEB3DC,0.11133208206948159
CC_BA041E14DD98,0.13511333700469755
CC_BA0619F54427,0.14109858332110226
CC_BA15072C4EC2,0.12490151937482896
CC_BA183CDC5429,0.828933855782525
CC_BA43646012D2,0.2904519982998368
CC_BA4F7E494E71,0.4176327149321931
CC_BA557F75E2DD,0.24732737516282793
CC_BA740903CBDF,0.15023627078781826
CC_BA77722A827A,0.47993275816015146
CC_BA78E47BB021,0.1397505413108455
CC_BA8C427054F4,0.08726259430987308
CC_BAA19F8D2563,0.08002819025612043
CC_BAA1BBFF8C6C,0.16593403433339277
CC_BABA44B5FB12,0.13296220634954176
CC_BAC25BCCEAD2,0.09612333240237328
CC_BAC74D0014D3,0.3961852333496036
CC_BAD99E36CC71,0.16162478167233033
CC_BADE7EB1D16D,0.7151020832778265
CC_BAE7410803AC,0.21718821521276
CC_BAEBBF8054FB,0.10057803126846998
CC_BB054686B6F2,0.07021002016925362
CC_BB05D9DF72BD,0.12442501571742962
CC_BB0D54068D07,0.8233636308716803
CC_BB15DE5E0DA0,0.6972375228461399
CC_BB1A57AA813F,0.2164358860662169
CC_BB1CABE261EB,0.11074790724551688
CC_BB2BC46FCF61,0.11977800073882124
CC_BB2E5437EE04,0.04845450776233079
CC_BB2EF1FF6131,0.10916471730942337
CC_BB2F56C6BF57,0.143565708828981
CC_BB35CEC5314E,0.11423242119657154
CC_BB39E3597B61,0.06846800665135193
CC_BB3A9EECD51E,0.10915975115209069
CC_BB44CDEE5103,0.14487425090693834
CC_BB458116ABA4,0.38020470286082236
CC_BB5F6936F6FE,0.13527775012216764
CC_BB666F8A551E,0.12265427301369815
CC_BB7355E735D2,0.11976109352123704
CC_BB8A2F186D6A,0.030474737818636605
CC_BB9FDED12C65,0.769775739684861
CC_BBA8C316C8F8,0.0794507582410186
CC_BBADC7DC73EA,0.13200757960948103
CC_BBAEA7980B09,0.4146333297863938
CC_BBBA078A6429,0.8471998696317559
CC_BBBFC3EC2C72,0.11558572391180486
CC_BBD34B3225EE,0.0
CC_BBE6C58C59A4,0.3766016327069389
CC_BBEBBE1E226D,0.10241472183228786
CC_BBED56D34D38,0.13816385641894577
CC_BC0244FBDAF6,0.20698132363265695
CC_BC099E880236,0.10852913775110812
CC_BC0F05C89E25,0.07411904846540157
CC_BC1BD06C1085,0.11516668131734714
CC_BC21E8824A34,0.4084607602400465
CC_BC23655B2BF4,0.059810608572064494
CC_BC24F9024F49,0.06922537220217814
CC_BC2A58939715,0.14439259773787305
CC_BC2B90F226E0,0.3100460682743638
CC_BC31382964E4,0.09079702039066367
CC_BC31DA3EAFFF,0.17702247449803166
CC_BC3A6CF6FD16,0.13697058020521286
CC_BC410BDD9ED8,0.13294613393162208
CC_BC458960887E,0.21483700536205722
CC_BC484C329704,0.21413584463216967
CC_BC4D6D6D4553,0.12851979196544144
CC_BC5A59D88AFC,0.09837398391681806
CC_BC736DA19A00,0.2381344917792003
CC_BC7B9D13978F,0.09908217840053363
CC_BC84BF34D69E,0.3292461101257288
CC_BC95D473C9CE,0.15868278680938924
CC_BC96FC9DCFE7,0.1336993445614793
CC_BCA0D6159C23,0.18122132021257614
CC_BCAE73132BA2,0.11697039114726195
CC_BCBBF055366F,0.08525369173261149
CC_BCC94F494979,0.2033680425381524
CC_BCF75F8B9A5D,0.13337544172927213
CC_BD10F4F15094,0.10281186526530772
CC_BD1A2052ACD5,0.7975397100194684
CC_BD217C39702F,0.3036781504891532
CC_BD2A9D4B9FAA,0.18457637703398694
CC_BD3EDD1630E8,0.04766777508453274
CC_BD4AAFE9EFEE,0.12447715715197294
CC_BD59D1252975,0.11468213363256233
CC_BD607BE97C17,0.09949352699468732
CC_BD889F165227,0.12329168010520594
CC_BD900B6BCF65,0.13133665381225484
CC_BD9967660461,0.43394302565085857
CC_BDABB99ADE2A,0.2290810841899825
CC_BDB07C66EDBD,0.32881639695937864
CC_BDB71DAAE50B,0.06253330898020004
CC_BDCB91FACECF,0.14747857349728447
CC_BDE1E398B4E4,0.12260477085006291
CC_BDE8D325637B,0.8062211313304779
CC_BDE9E7F390AE,0.12641660386250944
CC_BDECF392D7F9,0.1482371139727399
CC_BDF401C3BBCA,0.10967615913556825
CC_BDF53C42C5BC,0.1758376428484545
CC_BDFE5778530F,0.2999344533601566
CC_BE05EB5976EC,0.8564941992491569
CC_BE08A6D5E76D,0.03414531503152801
CC_BE146CE5BEE6,0.12067675483071397
CC_BE24C1EE877A,0.13087882819478752
CC_BE27E98C4BED,0.09914156217680731
CC_BE32DACBF6C2,0.09842299263706533
CC_BE3F52F9C9EA,0.13802127523020483
CC_BE3FC1024389,0.14830540242727713
CC_BE4595898BF9,0.16424474031185854
CC_BE4F1F53F4B6,0.19727131554259963
CC_BE648663620C,0.21977566350017222
CC_BE6627F3B9EE,0.7911699190171938
CC_BE673F70B591,0.3522664493156045
CC_BE704640727F,0.09022837204122165
CC_BE7295B354DA,0.3631236364835429
CC_BE760A430ACD,0.14450063705011973
CC_BE8A340F3876,0.07615823629907494
CC_BE9CB8845101,0.24030694147674178
CC_BEA12286E57C,0.1437589956036347
CC_BEB24EB997CA,0.12573266924847037
CC_BEB80CCF2ED0,0.06043952139042369
CC_BEB86014B5BF,0.15778608736931754
CC_BEC035C8801A,0.13928163703592145
CC_BEE1B858F0C3,0.249284755303992
CC_BEE664893442,0.14914388600692463
CC_BEE75A33F038,0.0728174166207139
CC_BEF22728402F,0.6566341502720641
CC_BEF8AB2DF19D,0.2675608638992417
CC_BF03683CC755,0.03412938923540579
CC_BF066CB8F7A0,0.1616357167256019
CC_BF154A9FEE8D,0.10797906128346918
CC_BF17E635C67F,0.1333890899202407
CC_BF196AFA6AE6,0.11294141012658226
CC_BF2012FCFE14,0.1718842178381918
CC_BF3733356D4B,0.5600650114679592
CC_BF376C8D14ED,0.5385450320640082
CC_BF3BF8B9F646,0.047699087064973555
CC_BF588A5FF18D,0.6529264789411237
CC_BF7C643B8874,0.033472392231357534
CC_BF8919F14394,0.07675331724527318
CC_BF8B759EE1EF,0.13298702637814092
CC_BF971FA7A950,0.1174907552746513
CC_BFACE960372A,0.13543605805576808
CC_BFBF917EFEB7,0.5581537141177484
CC_BFCAE2959708,0.09426624251719729
CC_BFD80ECB739A,0.18896215001220404
CC_BFDEC7E68821,0.02705789536187464
CC_BFE3AD881F4C,0.1007075148884746
CC_BFE511C0F9F3,0.5186314440342382
CC_BFEE9CF8A6E9,0.09506367754337942
CC_BFF8E82FE4BE,0.132968137432317
CC_BFF9E8C0FE28,0.6217512857118919
CC_BFFCB2882E26,0.10635268182743737
CC_BFFDCACC1E4F,0.10780256712703412
CC_C003A15648F3,0.1129922441654525
CC_C004160ABB18,0.12920050205336514
CC_C012746F45D6,0.20234276292187559
CC_C033B4EC89DA,0.1249115541657475
CC_C03578357D0D,0.3281866162883367
CC_C040C14F27A0,0.09606069119304028
CC_C0474C48C443,0.17563704943036987
CC_C04A1EF46A13,0.156397407090781
CC_C067DA2C5F99,0.37274797685110306
CC_C0731DB0CD7F,0.605052745713267
CC_C07C70AA1AF0,0.1230444123833137
CC_C0877F4DBC62,0.1388830719702791
CC_C0896CE6B4E2,0.07332734657812248
CC_C089B0517E81,0.10611946459624674
CC_C08B9066A5BB,0.12292563095224299
CC_C08DFB22BC71,0.1319918268848568
CC_C0A2108BEC82,0.1778779092289524
CC_C0A6B0787F91,0.11969879244458295
CC_C0B29B279C90,0.11610969084838815
CC_C0B7151247C2,0.20335741072176186
CC_C0BEDCC974E6,0.08253422327548933
CC_C0C6F913C2CB,0.6745356531896887
CC_C0C7EAB055B1,0.2431282151181401
CC_C0CCCF588BEB,0.3061793413141825
CC_C0D65A1BC1DF,0.5975780668902235
CC_C0D6ADDF1E0F,0.10012376870669568
CC_C0E49708EB44,0.1380731505112242
CC_C0F32BA57D17,0.04863934684040869
CC_C1094828B26C,0.3140417619172507
CC_C124E4C094F3,0.2540611376754441
CC_C12ECF48FA03,0.1259456729249961
CC_C12F5F7E5C54,0.10083138908845654
CC_C131509731A1,0.11367389616467219
CC_C14173B64C58,0.14441335370819927
CC_C14A4D39F494,0.2843292608043152
CC_C14DC9106B7E,0.13920454029219248
CC_C1624A910E58,0.120640615030666
CC_C1645FA6EE7C,0.11384621100425202
CC_C165A26E7C1D,0.7024444905836732
CC_C16824A69631,0.1321681187130513
CC_C177831DEDC2,0.0
CC_C1815DD481ED,0.5813017096061304
CC_C18313F97FC1,0.3474404634545491
CC_C18A7BC23071,0.22377175309011327
CC_C1941883C762,0.13362708118625052
CC_C1A0989CDF23,0.0
CC_C1A8C99D910A,0.14568145462751483
CC_C1B057BAE0BB,0.30239904679696705
CC_C1B5D9A95708,0.1521959854469565
CC_C1C28181E30E,0.196792796380691
CC_C1E8CA45E983,0.17140329151612427
CC_C1F4DD05F5FB,0.30376568124135167
CC_C205BAC0D181,0.1416992288239705
CC_C208790016F7,0.10954176592944218
CC_C219E603FD0B,0.05967584515297779
CC_C2323893E922,0.1298045313246294
CC_C236A614F73D,0.16327203731512469
CC_C241491551A8,0.13347283605231713
CC_C247E0377048,0.14953651518107444
CC_C24FBA584039,0.15286113514921099
CC_C25078D044CC,0.2951045081647309
CC_C255BE787955,0.2662236981187297
CC_C25ECB5C5FD8,0.19045577939167502
CC_C276E722FB1B,0.2939024631195018
CC_C279090E1F74,0.8050235264956023
CC_C279CA96D14A,0.15612905490075846
CC_C283330B9999,0.10732686514097031
CC_C289AF57EB24,0.23508107717278473
CC_C29558864857,0.1664024125380661
CC_C29846DE78AC,0.58684527125099
CC_C2AEE09D92AD,0.1352768253532573
CC_C2BBFB603032,0.33785710219274534
CC_C2C2B2EEBA69,0.0005396848361572115
CC_C2D1CBB42952,0.13928520090107188
CC_C2D4587A871F,0.6166853435279539
CC_C2D583F20739,0.3057684385941866
CC_C2D9086A8C67,0.05831627159995861
CC_C2E8FA308586,0.1302729651865463
CC_C2EA104630E3,0.08797469539860764
CC_C30ED2C6265A,0.08301173801232821
CC_C31BA9FD4FFF,0.2390149053116427
CC_C31DC3117984,0.13918554057968444
CC_C33142B2E26E,0.27750705532296377
CC_C340668CE604,0.11206628907459093
CC_C36580241000,0.15477032665712964
CC_C3664AFC710F,0.08006434279455651
CC_C3676D2ADC91,0.21058492133083428
CC_C368AC6AE19C,0.08914096267002555
CC_C38B446B7432,0.18103964216682478
CC_C38BE6D69E61,0.03100116130445013
CC_C38FB634E7B9,0.08477850186567915
CC_C3913A125FC9,0.1042768829648242
CC_C392AC1AABDB,0.1431727582506675
CC_C3A37C3EDCC5,0.2901661694482553
CC_C3A42A96D260,0.25516508958988493
CC_C3CA355F78BC,0.11466450716617614
CC_C3CD972B25E9,0.11169605658609968
CC_C3CE9FCB05EA,0.0719754001355576
CC_C3DA12B31CD5,0.11191985538633724
CC_C3EF46D2CF29,0.09586702598090147
CC_C3F301EAE202,0.27726135624985737
CC_C404C200B723,0.0460399253552993
CC_C40BEE2EAD73,0.1591218134073608
CC_C40CA3E960D9,0.09335424958458402
CC_C40E0EEBA53A,0.11100768934504072
CC_C42183D7A586,0.110519835946077
CC_C427199DAC5F,0.3636710503365495
CC_C445AEF194CA,0.10870793291724953
CC_C45051D20EC8,0.14052032521991692
CC_C47FCA703A69,0.1724369905138115
CC_C4965C6C6935,0.29886084117455763
CC_C498BD798847,0.10058957923745276
CC_C49A42D1C3CA,0.0
CC_C4A2F5B06976,0.053216096217530984
CC_C4B632AEB96F,0.09274537958123094
CC_C4D194378554,0.022687367647333423
CC_C4D90E9CA5E9,0.11287359960706037
CC_C4D941D5A5F9,0.0812374665650419
CC_C4EB2486A9B1,0.14258017003090895
CC_C4EC2923D96F,0.3121633439661478
CC_C4EC9ACAE8C4,0.7466193032013869
CC_C4FB2ECB13DD,0.15657209404846803
CC_C50467EBCC58,0.1392311450725854
CC_C50C5E2A77CA,0.1299105792727821
CC_C50D7FAA75C1,0.04946035568521365
CC_C51FE3F4D2F3,0.10803657813788442
CC_C5234F4713B7,0.09960947182176536
CC_C55110310E14,0.11730412258944031
CC_C563D509181A,0.09147114759106206
CC_C5736F4887D6,0.7460341540955117
CC_C57C4F09442B,0.11255353207256083
CC_C59D2CA55CAD,0.802508357209758
CC_C5AD04ABF022,0.09971094896133713
CC_C5AF7BF4B951,0.07015844566218939
CC_C5C5FD9FCFE4,0.7080229202006285
CC_C5D9A89022EF,0.3038182979273566
CC_C5E1FA10BD6B,0.14882913499606837
CC_C6039EF0459B,0.15756103187192086
CC_C6133F44EB0E,0.1261197150723487
CC_C637C1142503,0.8483630040322373
CC_C65496C86EAE,0.22348819899187797
CC_C67C2B86A807,0.11325191842155902
CC_C690CF8AF3B4,0.13318633645195707
CC_C69204FFED48,0.3495260409302535
CC_C69DD80E5055,0.10736015325805381
CC_C6AE389CA79C,0.08205511363431996
CC_C6AFA8AF33BB,0.09229595983934605
CC_C6B56B2869A6,0.37434925565052646
CC_C6B61E03B42D,0.12600069438618305
CC_C6C2B357FDF2,0.10888829574992352
CC_C6C4A4A318E4,0.13005947024592648
CC_C6DECDCC7956,0.15993948327553711
CC_C6F134ABD932,0.5933774402422316
CC_C6F24128D8D3,0.1643255502442015
CC_C6F8C5E3D746,0.10866848131275826
CC_C6FB2BDCC78F,0.432416315074295
CC_C70DBEB08378,0.7955537109786525
CC_C71AAC6F9607,0.13820804527408542
CC_C73D1C53BEC0,0.34484623527737956
CC_C7423B380FD2,0.12183440422452584
CC_C747ABF2B4BC,0.11858097552695884
CC_C74F0C45C093,0.13396015469027886
CC_C75307665BCF,0.2593337770549868
CC_C76473DBFF83,0.38047234675749997
CC_C7652C2D1CC7,0.2325114234594183
CC_C77B38900325,0.2869684306737773
CC_C782A94E6754,0.14360897642043696
CC_C786E0FDA098,0.6729395105401361
CC_C794632B3AAC,0.44864811494431794
CC_C795250A7B3F,0.07663020662866074
CC_C79BF5794AD9,0.08081089017731492
CC_C7A2A7BF85C5,0.1251242569456965
CC_C7A2CEDA36CD,0.45247696173270935
CC_C7AAAC514CD0,0.1610868690463072
CC_C7B39AE8206F,0.1363505074645588
CC_C7BA884F8DCA,0.13154739861134604
CC_C7BC592C11DB,0.012124464735089407
CC_C7CB29EBCEE1,0.023677477567691063
CC_C7D2BE35C77A,0.10757935274868738
CC_C7E56C7FFA19,0.16366508546462047
CC_C7ED63E403A8,0.11795395249866461
CC_C7EFF4BBEE1E,0.08573421153631128
CC_C7F1C90A261F,0.2260341220052926
CC_C7F38C2DEDFF,0.15356433229919553
CC_C807F881A35F,0.21304596570324824
CC_C808346EF2A7,0.0741740296582879
CC_C822401D05A0,0.08008367779781701
CC_C82D0EB32984,0.15088607697703194
CC_C82DE4520088,0.11394595835017615
CC_C84080607284,0.1227313189815383
CC_C85DEB66D6EC,0.29904206340576506
CC_C8601860B3AB,0.3002434357568774
CC_C86B56E5B000,0.19353197725296853
CC_C874E7D8B96A,0.09818104382566106
CC_C88F02C38654,0.13003526215427685
CC_C895990DF270,0.21948983168528852
CC_C896D6E93110,0.3594456330357428
CC_C8A57920FB6B,0.13697462263967958
CC_C8C2CEAC6750,0.3903245786501824
CC_C8CBB38CF4B6,0.403943705111311
CC_C8DF2AEC8023,0.12144468807445687
CC_C8E24B1925A2,0.3274498580200589
CC_C8E2F0CA5050,0.7004992152940684
CC_C8E875AAFD58,0.24395333424812862
CC_C8EF7366016A,0.08320863739518754
CC_C8F1FB9C56E5,0.1216719746623125
CC_C8F2FF7E6DAF,0.10024147616649956
CC_C916DC82A00B,0.31429224285184243
CC_C91FF308D57A,0.08794122363980239
CC_C9297D88CD26,0.35032077386859584
CC_C932D885E1AA,0.20021385365333294
CC_C947A66A6A34,0.13617315797610605
CC_C953D19C82A6,0.24186832077287634
CC_C960365C1125,0.10981083793086155
CC_C96221203852,0.10301801328457247
CC_C967937FC81A,0.8221487531159586
CC_C97434767545,0.1577797741239769
CC_C974620D4D4F,0.3449257688535964
CC_C9749B07E3CC,0.13887433349394296
CC_C979F86EC4EB,0.11710559227928705
CC_C9882357496D,0.06819113328846965
CC_C98B5F2B994A,0.11916635267255526
CC_C98CA453DC7F,0.14831457735029335
CC_C996515164AF,0.5712380963040973
CC_C9A1B8F512F3,0.2604522744716761
CC_C9E008678B77,0.10467929146231238
CC_C9E89E3728DA,0.1121278621020999
CC_C9EE0357CF4D,0.12283467653955069
CC_C9F15C15BA6A,0.2041201205604093
CC_C9F3BB887EB9,0.1798520881232723
CC_CA0906B9B58E,0.11194901291894949
CC_CA16B9133E4F,0.24824728333589285
CC_CA2524A5C7AF,0.24575519791149641
CC_CA2A17C9CD44,0.4331697253881959
CC_CA32C61E255B,0.12854324368431536
CC_CA37F92A8BC6,0.15703071096858762
CC_CA3C9D0F42A2,0.4644541511049141
CC_CA4669FF2379,0.16702374420035687
CC_CA486E08F176,0.2226792620489798
CC_CA5CF069C36C,0.10525479873350524
CC_CA6AB58D2C8D,0.23554424540469499
CC_CA6EDCBFA9E3,0.11194334209960882
CC_CA6FB58C11F4,0.13403666534127817
CC_CA7902338F91,0.10692841316102794
CC_CA7BE11DCB92,0.1239613742458662
CC_CA87A148C386,0.0587097438699391
CC_CA8E7E45347C,0.1305718864487146
CC_CA9214D0E170,0.1614699600520294
CC_CAA07EABEF71,0.1598598451362829
CC_CABC0190A9BF,0.33200142077719963
CC_CABF171B8582,0.4500538547174408
CC_CAC2F989A2D6,0.24024085117160449
CC_CAC50FF13A43,0.5807352828956857
CC_CAC9C52B6FB8,0.25938145701943804
CC_CAE19DE8446F,0.1490440960731083
CC_CAE5F6D8328C,0.4604484846428919
CC_CAFA0C6DBCEB,0.20611215462976626
CC_CAFE5D6E3E1D,0.1223127386976083
CC_CB02A97FAC1F,0.1340892074416598
CC_CB1155AAC7EB,0.14622348227022577
CC_CB1B2FC5769C,0.22707265474444685
CC_CB1BD3C19303,0.11899068814971281
CC_CB2423DD4809,0.8626515062554457
CC_CB33381406F3,0.5977233754593118
CC_CB3CBA971E97,0.10201984005468819
CC_CB45CB5C940D,0.1455318007159011
CC_CB4A2667F8CE,0.15922442298258663
CC_CB4EA92BE238,0.03557088814402093
CC_CB4EE5CC0B09,0.21846179234691
CC_CB50BDD92A4D,0.12954396471958124
CC_CB6A55831080,0.1847619749853584
CC_CB6CE149111A,0.19838399244895039
CC_CB6F9DA78019,0.14677246736340357
CC_CB722FAA608D,0.12755614056307985
CC_CBA786C05C1C,0.7558610260510095
CC_CBA9A6206DCB,0.1404921534843388
CC_CBB7AE2847B6,0.17732174887328728
CC_CBB9DDEAC819,0.03818046267317643
CC_CBC30D127BA4,0.10041088455747835
CC_CBE67EF0D3C5,0.6135503694878803
CC_CBEC318365B3,0.2955350286027504
CC_CBED6669EDA7,0.08148393379675638
CC_CBF1B052FA7E,0.11616737309199147
CC_CBFC7EFF2F94,0.1353532746852078
CC_CC27394B5E35,0.1234176597911893
CC_CC2A7B3D7A55,0.15442544319039217
CC_CC34B2523794,0.14155253562006453
CC_CC34E9023873,0.5896403104188763
CC_CC37D81F02A7,0.5085464794462204
CC_CC4822AEDB83,0.6255739961668598
CC_CC5D6CAE5ADB,0.10466137147759005
CC_CC6D27804EF0,0.05517322769289623
CC_CC71D4876B90,0.18492258553343902
CC_CC75EA7F2C8F,0.14515545014289524
CC_CC9214A5C0CF,0.10164650155889432
CC_CCA2B8D2446C,0.28481626554952333
CC_CCAB3E56FD92,0.1351681639258263
CC_CCAF321D46D7,0.04410042779751103
CC_CCB46EA56584,0.16074026446892817
CC_CCB60CB8754C,0.17518722747265414
CC_CCD759553325,0.08573195916867597
CC_CCDC28D49832,0.12600566924940182
CC_CCE55029E621,0.6160161992651475
CC_CCEA133D7268,0.6607330699502778
CC_CCED6CEBC3D6,0.27861454027686344
CC_CCEE76415B51,0.33405266744861006
CC_CD1326D52AE1,0.7198446820387585
CC_CD35EEA81CE8,0.33453442508074105
CC_CD373485942B,0.09496695675104035
CC_CD379DD39658,0.2663581494619186
CC_CD37D5CF0EB0,0.1540621395548193
CC_CD380545A7A4,0.03700111549787899
CC_CD3A378249BA,0.31998856838231643
CC_CD415B1C7741,0.06504773670118118
CC_CD4976814F28,0.07315237986645796
CC_CD4F5F1C357B,0.15956894758905038
CC_CD54829713AF,0.13824174807537076
CC_CD5E3556D5AB,0.12117089065963856
CC_CD6C797F3C4F,0.10022421175710995
CC_CD7BA8F6C4BD,0.0953823848181912
CC_CD8352F0478D,0.22009489161141055
CC_CD972E578564,0.8345439649868146
CC_CDA1B20179B6,0.1293074377091243
CC_CDA2A36B81B4,0.2734588122519633
CC_CDF6354EC332,0.07637223839192947
CC_CE01E17132E0,0.06267042653474134
CC_CE1280B30475,0.12429083169302152
CC_CE134F878294,0.07342244634326493
CC_CE229894AC00,0.13390963806322442
CC_CE26907B9D30,0.35126483718030876
CC_CE2755B42DAC,0.07256891405519297
CC_CE2BD7F74421,0.3834185517374691
CC_CE3784121355,0.08747099396259132
CC_CE41F9FF509E,0.22054949062161072
CC_CE5AF0E9A157,0.07917282796318141
CC_CE5EA019DCAA,0.12770863457254233
CC_CE6460FE39F6,0.0981742152614486
CC_CE72D1734761,0.502371862573086
CC_CE7FC560768D,0.3771020408078272
CC_CE871DB3950F,0.3221124341294307
CC_CE8D1564C4F1,0.12367447551440196
CC_CE93240526A9,0.24932006613341773
CC_CE980FCAB154,0.2711264473375629
CC_CEA0FAD348F8,0.13758853599544213
CC_CEA369A3451F,0.07073724866523468
CC_CEBA67081418,0.2661382155331882
CC_CEC0C00FE770,0.4070879448301232
CC_CEC3B21D2982,0.321338726434931
CC_CECEC680F701,0.23399414603689006
CC_CEDB263DB07B,0.002803744422180704
CC_CEDF9C14DC79,0.24505223628910075
CC_CEF23255BE06,0.11975293829591449
CC_CEF8C71C4E8B,0.33944953268645384
CC_CEF91FDD41AE,0.29055558706017376
CC_CF0B68684C3D,0.1449431454640164
CC_CF149865368F,0.04842833088598464
CC_CF2A7A5582C2,0.15778833181203875
CC_CF2B3E37CF2E,0.3158163035480218
CC_CF2F163CE005,0.16607156204102158
CC_CF3C063DF626,0.2537050893158297
CC_CF3E91DB8220,0.3179016268828355
CC_CF3FB5744443,0.7404133565147143
CC_CF4991B8EFE9,0.20539109888537338
CC_CF53FD3AC9AD,0.09172602516196765
CC_CF5A140B279D,0.22894184239450582
CC_CF613A7162B6,0.3052648363065115
CC_CF6A8A460B19,0.09197565338546236
CC_CF792E77A16D,0.14947791782061587
CC_CF7BAF373E0A,0.12660094341657935
CC_CF8B1D0015C4,0.14789130708704085
CC_CF8D0517B79F,0.12143954454511675
CC_CF92037ACA93,0.14433698946276408
CC_CF960A300F40,0.2862483386508035
CC_CF96B6335E6C,0.18160278337492536
CC_CF9880D67A7D,0.14658097210344634
CC_CF9B249283A7,0.7769376160944083
CC_CFABF7407978,0.19723841584282326
CC_CFB2AE99EABF,0.1874484544564158
CC_CFC0BC440771,0.0810993486744285
CC_CFC235739F25,0.44367480653533675
CC_CFC6E8954325,0.11467273784282994
CC_CFD37EDB214D,0.29555449328082134
CC_CFD93C04478A,0.5295126227706404
CC_CFE0AA5381FD,0.7768478223017808
CC_CFEB021AA137,0.08741188480891653
CC_CFF6E2A6A3F9,0.23122794196122348
CC_CFFDC4947256,0.14072526475342187
CC_D009368CE434,0.001940372615349406
CC_D02E59E08B02,0.0258004589436599
CC_D03848B7353E,0.0892301544102243
CC_D03A69B1563D,0.13177667466354354
CC_D0576802096E,0.10036884975440816
CC_D0582E0F3440,0.06553786970686154
CC_D059D0BEC5D5,0.34831560000131545
CC_D05C4A8F2A25,0.1118968000128012
CC_D05FBA9B9040,0.7305072974046539
CC_D0653EA71CAD,0.1173206713573047
CC_D076A984B786,0.0754623668931459
CC_D08FC2D99CF5,0.22525104252851016
CC_D09942A02904,0.1255603741476708
CC_D0A8EA2D37F2,0.13928070096310016
CC_D0AAD35C800F,0.08523261784858173
CC_D0D666EC0244,0.08889235026019608
CC_D0F3F68F4452,0.49044541143737586
CC_D0FBDE8ABAA7,0.10130435717103091
CC_D103D50237D9,0.11901681106566679
CC_D11E5A30CF3B,0.327750974339615
CC_D122B30AE7CB,0.44867109500183666
CC_D1679B40D83A,0.10444399396370044
CC_D1760785D631,0.2547839372892961
CC_D18088587757,0.23043299264655387
CC_D184160042B7,0.30806744614225046
CC_D1886485E8B4,0.1420188481647356
CC_D1893DD5B4D4,0.12426470099314868
CC_D18B60E035CE,0.7869195920497037
CC_D191D099789D,0.09766857871587745
CC_D1BDB41E7FF6,0.09590782071368395
CC_D1BE2E6E9C9F,0.12294286843546362
CC_D1BFB29BF61C,0.1314244713502313
CC_D1C259F80E13,0.12760904050416993
CC_D1C63DA9CA93,0.17367551423082278
CC_D1C931E4F305,0.1280934395497218
CC_D1CE25F271BE,0.1092848747504552
CC_D1D2127A0C67,0.10955512788039017
CC_D1D31EA359F4,0.12888337489521684
CC_D1DB888BD9B0,0.14621521783378788
CC_D1E82B9DD102,0.1641164532403221
CC_D1EF68A649AA,0.14527972136977751
CC_D1F05E69F80F,0.14605097705353298
CC_D1F6FE158DCF,0.20662684376331364
CC_D205612FD566,0.6466866882457712
CC_D21474C31E3C,0.6823268756743279
CC_D2195A061A0E,0.6327554437891353
CC_D2199CC1CB08,0.0015479810977656328
CC_D21FCD9DFE53,0.4627654769556388
CC_D233B2C8062B,0.3557993153342279
CC_D234CF2C21AE,0.6790315064186969
CC_D2373015DF41,0.055471454135433
CC_D239CBE1012A,0.14978639569208652
CC_D2591377E980,0.8097266397969866
CC_D25E25C831B5,0.12659265352928656
CC_D262BB13DAAF,0.24348901571503379
CC_D272BC699F38,0.06513994159813186
CC_D2813C835750,0.7940236773945722
CC_D285B0D67016,0.0
CC_D28FB525E310,0.2183608768499724
CC_D2AFEE04E96F,0.0
CC_D2BBAA423304,0.21604610931026275
CC_D2BE8B4011D7,0.012849566225382192
CC_D2C49D2FEBF8,0.20218689875070162
CC_D2D09498D333,0.22019975386624757
CC_D2D187DA334A,0.22539033764641028
CC_D2D47A5386CE,0.19783672759896015
CC_D2E98F50621A,0.04629030246628782
CC_D2F265035F0A,0.07449125235814158
CC_D2F91355C6D0,0.1169869821699414
CC_D2FC934F8324,0.13686373879632746
CC_D3044C67CFFB,0.002228285703057692
CC_D313F2C49E46,0.30943020844582275
CC_D31FFB053D60,0.12481625568040863
CC_D336DB6323BB,0.3374374056062057
CC_D343A7CBA377,0.12349569664949761
CC_D345AF4C4B61,0.10191693070605669
CC_D34FA9410740,0.15286656140219257
CC_D354C5D1665A,0.11428461242066025
CC_D35E96480AF8,0.20514431333320354
CC_D3616386D6D2,0.15455744849081451
CC_D365173E852D,0.8773296646504758
CC_D3683C6CFC5C,0.5982838750952444
CC_D373463038E0,0.07028849310744954
CC_D379CF8E3FAB,0.810830871553211
CC_D37B4CA7F3D8,0.11278515744809586
CC_D37B5B3CA4BE,0.6323005896730967
CC_D39265D7B6C9,0.10450271572976026
CC_D39E3F732408,0.10799606367451745
CC_D3A7B21165B3,0.2510280421786163
CC_D3A9028A4660,0.032296571565686494
CC_D3A948322BD5,0.7154463571957245
CC_D3B95DB5E6C1,0.32381791158022444
CC_D3C8C5014D5C,0.28075548197402056
CC_D3D80929AF52,0.11005136976511815
CC_D3F25136073A,0.10330611486380512
CC_D4102AD032BE,0.09824746168612375
CC_D416EFCEAD89,0.10954374349237868
CC_D41C5030494A,0.6632281876783913
CC_D42E477596A3,0.04704159791306803
CC_D432C89BADA8,0.133314685652801
CC_D434638E9569,0.10533875338931609
CC_D4518F98BB77,0.17263970359090364
CC_D452847F2A4C,0.0
CC_D454056F92E6,0.2314890423254317
CC_D461FB973AB2,0.7675365364985187
CC_D462250B13D3,0.43008997045403713
CC_D48E686A834A,0.6188960003248241
CC_D48FFD985E51,0.1160941576518979
CC_D49263A1BDF7,0.1344235091380706
CC_D49668C65C33,0.10802106516964914
CC_D49D9C57A849,0.11374596101159792
CC_D4A029A150E4,0.11903603918023349
CC_D4AC998C0BC8,0.7182551310470087
CC_D4B02AAFC697,0.12727214596496908
CC_D4BDF0F4FE9E,0.14413868680841635
CC_D4BF2778371B,0.1722676066737334
CC_D4C0F4DB3501,0.1539069234912654
CC_D4C6DD8A364F,0.13771061344250218
CC_D4CDE2A1E174,0.11546634100527733
CC_D4E7EE35695B,0.15174023332068032
CC_D4ED652E86DF,0.13622834112147825
CC_D4F844B54B84,0.03922745505148184
CC_D4FA0055DB4A,0.0
CC_D4FDCBAFEC74,0.6565376594325372
CC_D517D90E105F,0.06535124990091437
CC_D52B87A01028,0.25618310165868396
CC_D530C3D1DBF8,0.6470780064534589
CC_D5327E41EBA2,0.18283344690966188
CC_D53C8BCA531F,0.08061050962832432
CC_D540C7ABF683,0.7803857262250041
CC_D54105FC1349,0.3657759455429994
CC_D550CE8B9313,0.6411851725831962
CC_D55C5B432387,0.14395688070745344
CC_D5646FCC5E14,0.5142912171040523
CC_D56F34613338,0.13866048302266337
CC_D573AF0F1674,0.11164452826263788
CC_D586E2C2B3EF,0.13246402093668327
CC_D589E388CA02,0.09409662557626433
CC_D58EBD954E68,0.28514109112736113
CC_D59AFE884BDD,0.48576580883988885
CC_D5AC596A85E1,0.15839863309077856
CC_D5B99B578573,0.04713367805271315
CC_D5CBF4A4D3B3,0.09313118151069827
CC_D5CE05EAA837,0.2180586500569153
CC_D5D36A6C8DB3,0.1093538867337833
CC_D5D8D545736F,0.11953971424989737
CC_D5ECFAF8C1A3,0.10313279892240218
CC_D605715F737A,0.2512858309222892
CC_D617428B4B0E,0.16337763126398686
CC_D61E8E5C4414,0.13700198682321768
CC_D652B5F05769,0.18784150262228846
CC_D6564D0CB9A8,0.15689762236947416
CC_D66183657419,0.08763491814144371
CC_D66BDD3E1AA7,0.17818741671855165
CC_D66DA331534A,0.09013932907571613
CC_D687A780C0E6,0.10218056686244961
CC_D6AE871A4C9C,0.10375828992861297
CC_D6B7AF1FBDD4,0.46316911570955627
CC_D6B874308353,0.5449534051388827
CC_D6B8F47FE484,0.4295644891346672
CC_D6CB1BFDCEEA,0.1927790185670882
CC_D6D47D7E1C51,0.029479192552145594
CC_D6DE060699C6,0.16498460509047472
CC_D6E06014457F,0.893554763641797
CC_D6E8E17EA449,0.3148968239595778
CC_D6F216AB1C4A,0.16199325598887584
CC_D6F5E3A51C8A,0.07749223187161891
CC_D6FB3B76D7A0,0.619729810904657
CC_D6FBCD4BA3DA,0.16069389651256288
CC_D70918916097,0.5359289978708541
CC_D73B1B9B81A5,0.09902658772233533
CC_D73E9E24BB48,0.11859176786669152
CC_D74AA0F20466,0.15610087811815043
CC_D750070C44BB,0.8368799681346253
CC_D7529675CB7D,0.13252611101881195
CC_D75C8CDB510B,0.716295503979041
CC_D76009C47709,0.3652149926354891
CC_D771775A58F5,0.1669079135492364
CC_D77F9D613EF7,0.1913804442272033
CC_D7999C3EDE22,0.16335169240102176
CC_D79BF1D26499,0.11826706264540172
CC_D79C05885899,0.10340633119889203
CC_D79D4F15D10C,0.06738574050497073
CC_D7A11E3512D2,0.1288800759011701
CC_D7AD7A7279C4,0.23060733439772624
CC_D7B35055AF0D,0.12872927770727124
CC_D7D99409D57E,0.2549605445068589
CC_D7E403181D8F,0.19927052245991633
CC_D808C7BA9399,0.17655689188502485
CC_D80DE8B544F3,0.050220642476363014
CC_D81D19AEFB77,0.0
CC_D81F317F6384,0.11534304186898736
CC_D844D9DF962C,0.18142727360994398
CC_D847D978387D,0.05844304337971412
CC_D85C7B85C440,0.2795466437237969
CC_D885591596E7,0.10562030880603121
CC_D887D07BDE23,0.11305954689194336
CC_D88ACC0CFDA5,0.13415188976318546
CC_D88BDD0F510C,0.1418720390210435
CC_D8956424CB37,0.31581565167542713
CC_D8959BB99A7F,0.3112159861509073
CC_D89A9A14B5E8,0.08558990527577472
CC_D8AD01F3CCE7,0.059759993858787
CC_D8B4122DC296,0.09767848625175087
CC_D8C38B187875,0.7519439274912824
CC_D8E55509595E,0.06988521268740971
CC_D8E6B90C37A3,0.13245308887488014
CC_D8F1AECFCC2F,0.04348904710552673
CC_D8F7672C70D7,0.0674499978916609
CC_D8F7E904E7DF,0.24216753537582014
CC_D8FEF1C99F88,0.6920095494639243
CC_D90761F9E9C9,0.43553344848234676
CC_D90D9D5C8FEB,0.09983549350176887
CC_D912917A4F4E,0.6598508950346281
CC_D91ECE64FD0C,0.167074811067842
CC_D9325E5695D5,0.10134517931628761
CC_D9563654A397,0.323390799347052
CC_D95766A6C24F,0.1943825402623175
CC_D95939B1BBFA,0.08673349746454788
CC_D96729C38BC9,0.12988471454117273
CC_D9791EFF766C,0.1316279336218171
CC_D97AA7C54F6D,0.1569450394561449
CC_D98BA5CE8EE6,0.3717353740391207
CC_D991DAD5413D,0.10730308152318277
CC_D995C89AA359,0.05581753513932175
CC_D9A54F55AD6A,0.10088432631686453
CC_D9B87A96C353,0.3304473844066842
CC_D9C42B0B6A0C,0.17070847112158297
CC_D9D487E78FAF,0.6159199009855931
CC_D9D744A66B09,0.11732441932213225
CC_D9DA3F6E2E7E,0.15560732234502034
CC_D9E5792258E4,0.09582172894974714
CC_D9E6B9CBEB77,0.10121142252763042
CC_D9F0CDB02AC6,0.13721522802236233
CC_DA0201D1BCF2,0.060958754969872006
CC_DA0500AFE692,0.13832783927253833
CC_DA0E0BD3880D,0.3804216897231993
CC_DA10F53AE655,0.5982303476620121
CC_DA1643A835A2,0.12848683905861852
CC_DA1C5BAB7E35,0.5325115141734711
CC_DA1DC6A6371D,0.09690210707305918
CC_DA1E6B31DD2A,0.6617252569851465
CC_DA1F282809D0,0.0
CC_DA226442D919,0.7752451395752068
CC_DA31EC318B1F,0.07301333452413396
CC_DA33597C6459,0.12629828193767625
CC_DA43CFB5CC2F,0.19434892214700528
CC_DA481C72B8A4,0.2218338333211831
CC_DA55447636EB,0.042933303909606035
CC_DA5AE34842E3,0.13676832162019303
CC_DA6880B018AC,0.14472703466529904
CC_DA700A961616,0.13059695137749788
CC_DA7E65F1E6AA,0.17532367587011466
CC_DA80FAA7FE30,0.12370727084810854
CC_DA8DCCC1199D,0.3179885729800548
CC_DA8EA724C1D3,0.5318945418367753
CC_DA8FA65D1924,0.10576358778639387
CC_DA99D1E41C3E,0.1145601706244802
CC_DA9C3BEFD0B3,0.15663966132362028
CC_DAA3B7FE1C62,0.11870531188788988
CC_DAACE4211B34,0.10851770522796349
CC_DAD239E56638,0.7167389165847797
CC_DAD4BC090253,0.10110704181556529
CC_DAEDBA26BA12,0.34078150373641924
CC_DB1EB08EB40E,0.13384677183339613
CC_DB2314ED6960,0.13525524768514818
CC_DB25E05EC5CD,0.558178214202506
CC_DB3BE0C87882,0.11494966944449239
CC_DB44628BC147,0.16428432723829578
CC_DB562E602BA8,0.113407292836465
CC_DB61D7F5F8F2,0.8344146064225608
CC_DB6498598C32,0.18583689919851426
CC_DB6B59FB6E30,0.029054337263763996
CC_DB801B947698,0.23956512127433743
CC_DBB8C467FF1D,0.12465371463543995
CC_DBCD21C2C322,0.09127497761033487
CC_DBDB148E45DD,0.17796855096372866
CC_DBDF9BFA7E87,0.19560793487750847
CC_DBF5CD2D854F,0.12298790464991444
CC_DC0077DE6E39,0.22383287943878383
CC_DC23159A1F99,0.05834742788942415
CC_DC2458827FD8,0.1418602742545647
CC_DC2BE35D58AC,0.22333849517714735
CC_DC49C8D3F7EC,0.41986563522611575
CC_DC5DE66826E9,0.15986289414233262
CC_DC6063FC6464,0.09838368800002445
CC_DC771AE1B4BA,0.6216875667880501
CC_DC7DEBC30E17,0.38846643147606097
CC_DC978F3A711F,0.7451944912271684
CC_DCA2140C7BC4,0.2663460913406642
CC_DCA5CE7C9DC3,0.1691266098240028
CC_DCB5798049B2,0.10514807267942688
CC_DCD10C95C942,0.4467034600069826
CC_DCD145E8E729,0.2083141296877591
CC_DCE0BFC03B86,0.0868161090201729
CC_DCE75AE2FB52,0.03700636504661883
CC_DCFCEEF21BA7,0.3296594702588554
CC_DD12A8C462FA,0.10044590592592222
CC_DD14867350AC,0.15959344514039195
CC_DD232BC8881D,0.1655669798313819
CC_DD2473D34D68,0.18890590440091798
CC_DD2B5C4CD318,0.102207736141654
CC_DD4EC06C3A92,0.2656649649419359
CC_DD5299DA8C1C,0.13175830645609715
CC_DD59BFF18ABC,0.14118208863468337
CC_DD6777E1B05C,0.16202811880229487
CC_DD6EE1501B89,0.031220142264235223
CC_DD78B52AE022,0.1627520939502462
CC_DD7983A07B43,0.5884449997506637
CC_DD80B5CC495F,0.11947024414112847
CC_DD8956B71825,0.7211731717491886
CC_DD8D40E7E2A9,0.22691394435592266
CC_DD9972D0B63E,0.12485639816321895
CC_DDAE70634ED3,0.11328989746924402
CC_DDB4A9FF2B03,0.16660480231933333
CC_DDB68302DA2A,0.11993198407211561
CC_DDB9DEC9C037,0.1108520519318669
CC_DDC610D2B2F0,0.0612462486487973
CC_DDCAEC6BD9F0,0.27100162910532277
CC_DDDF665EBD93,0.23213704104732302
CC_DDE66EBF2157,0.11341019317258608
CC_DDE8B7E9C7F4,0.3312504084698444
CC_DE019FC36D28,0.3790727445865103
CC_DE07076B04D5,0.142276974796559
CC_DE07AECD2361,0.031295747994108475
CC_DE08A4514010,0.5152001016074038
CC_DE093FAC5293,0.5771772185605256
CC_DE17BC1C2324,0.06029622418495058
CC_DE1B13B3E504,0.059537105553347625
CC_DE4264861B73,0.1371384213680639
CC_DE4810B88C51,0.23196248618054857
CC_DE4EE8A16896,0.1640713845845599
CC_DE523A2403BB,0.14527541124575385
CC_DE52860CFBBE,0.14482268608095922
CC_DE593193FB9C,0.14579915234982335
CC_DE5A9B499ED4,0.139598378451964
CC_DE6AFFA63ABD,0.12031588800168191
CC_DE7CEC14CCD5,0.5945512472329645
CC_DE7D7B5BBB14,0.6411072481830371
CC_DE81AAB7BF48,0.05227475726387987
CC_DE8956D433E2,0.6485738774078463
CC_DE8FB8D1CB71,0.21768977977022397
CC_DE90D07B269D,0.25530176052611575
CC_DE9A62529780,0.26663515861419096
CC_DEA425EA8441,0.12008159877555034
CC_DEBE01582EFF,0.11731122240498897
CC_DEBFD4E79A38,0.04380803370448577
CC_DEC97F13CB8C,0.17166692444380965
CC_DECF1507C86D,0.10589182476388131
CC_DED24C8D047A,0.14187369578812759
CC_DEF4AEBD31C8,0.20529300324506655
CC_DF062F698349,0.1344535188931466
CC_DF13D5CB626A,0.12574024367932538
CC_DF15C526CDC5,0.057763082379904074
CC_DF1F6C68F7D2,0.12114713196535029
CC_DF3EB88F509B,0.16889161177572876
CC_DF4E332C886F,0.006294171590911446
CC_DF514171DC30,0.13416295074398765
CC_DF536CEAE5C0,0.07484447754960719
CC_DF5806CC2CFF,0.15223878861959939
CC_DF715690EF20,0.21884510073773947
CC_DF718A37AF15,0.1438329070437615
CC_DF7276DD74AA,0.11652380386280223
CC_DF750B2D6872,0.38519326801971104
CC_DF9FB6670627,0.08655753213845652
CC_DFA65A0125D9,0.07807994258612733
CC_DFAE355359B8,0.14325690838017302
CC_DFEA562F7BCF,0.28282661270172804
CC_DFEDAF0F0D6E,0.061280297734394557
CC_DFF6F74C64B5,0.6363655565489793
CC_DFF87DF16763,0.13204283466097883
CC_E00D8ECE9FA9,0.12304997934814838
CC_E027E36615C0,0.5676682249303575
CC_E02E23CE49A8,0.12464338780091919
CC_E030B3AEBF19,0.19588470525918866
CC_E031A4C862C1,0.23974943394019776
CC_E0339B331F4F,0.11440854228881818
CC_E038981B2FEE,0.15282202198011277
CC_E0463868968B,0.15689153663162425
CC_E05A8621B581,0.31940920702299747
CC_E07FB0312232,0.15113957868584627
CC_E088594E0624,0.17920761607539729
CC_E09AC3B1E534,0.13731628916253635
CC_E0AC29AFCF97,0.1363448411674677
CC_E0BAC6E0D0DA,0.022228605304470933
CC_E0DDDA07F0A1,0.04994166903508446
CC_E0DF45AB72B6,0.1329792383723576
CC_E0E1F8E7379E,0.07955008662068401
CC_E0EF095444A5,0.17306024019036853
CC_E102E4F7F8B4,0.2562783943576481
CC_E109B4CA6A8D,0.11841382569474361
CC_E11470A2D92C,0.41765568829704613
CC_E117B8A6ADC6,0.022308956443055417
CC_E128015073F3,0.11172055503133635
CC_E131D5EB9237,0.21616192824635333
CC_E14A24095E9F,0.0
CC_E14CADF89123,0.5066368523485365
CC_E16876025011,0.08300273619938153
CC_E16C71C15D04,0.6281271499148553
CC_E16F1BB83653,0.07657238609280585
CC_E17448FB08EF,0.6516864507416853
CC_E17AAACEB07D,0.11044528980945775
CC_E1875522DC57,0.12016880256117968
CC_E18A0734641A,0.11424704196973128
CC_E18A22453843,0.10664091040627649
CC_E1B4E3360C0F,0.1504056957949937
CC_E1B5AE645169,0.10954635748210961
CC_E1B71F6B7DD2,0.21057223553613014
CC_E1D073F693A2,0.19404644707546453
CC_E1EA83C31C66,0.07851810984568841
CC_E1ECAE226485,0.237418915181071
CC_E1F0C5076481,0.11558936603154835
CC_E1F78CE289D8,0.023028684398375077
CC_E1FBCECE0A54,0.1729514800996599
CC_E1FD46CA26D5,0.11904846171438424
CC_E20E7C7164A6,0.6614679092864022
CC_E211E2698C14,0.041742030863737706
CC_E21B4F587C45,0.09799621249579596
CC_E22A278A1386,0.08887920958868346
CC_E24078C03B7C,0.15779495647611597
CC_E2452737F950,0.12406356798551474
CC_E246119AA09C,0.6945050761792251
CC_E246942C7310,0.15672052991932922
CC_E2474A334F3D,0.05052662321923357
CC_E2489637D0E8,0.13848540102096446
CC_E2521AF9C2A2,0.13691748194067324
CC_E253F4AC4762,0.740264451232285
CC_E257805D0F0A,0.17454378707570653
CC_E25A924EDB70,0.1567701631609969
CC_E25B5D5502AD,0.1039266959967689
CC_E2619E24BEDD,0.7289834215599174
CC_E274DAF3C064,0.12008928196901036
CC_E2787CBDFBF1,0.23112693267400952
CC_E28AE2E68BB7,0.6570576708999094
CC_E2C3E272D059,0.28130089579819373
CC_E2D653061523,0.2926687045278378
CC_E2ECDC7D23EE,0.16221883651136726
CC_E2F0E725C3AB,0.09367987820553739
CC_E2F7712CD056,0.17726865069323766
CC_E2FD7FCF0AD5,0.7003706432809045
CC_E308C7DFB2F2,0.1465083262312398
CC_E30B791D5F11,0.24844305229731678
CC_E315F7A94400,0.31703447906539545
CC_E31DAB1E73F5,0.038469801339358484
CC_E32034C97E83,0.18262751849574219
CC_E32DBED5EAC1,0.16064529843042058
CC_E32DDDDEE3CB,0.16344100642053752
CC_E343EC3EB052,0.6795150842600345
CC_E34A04E78D60,0.08799990488527415
CC_E3503B565AD0,0.30763123628535893
CC_E356B05ADD56,0.20299123436845368
CC_E35D02BE6780,0.0
CC_E369AAECB2B1,0.308776853386657
CC_E36ACDB4F96F,0.5331456033802839
CC_E36C7F0E1657,0.7913706412680086
CC_E381FD4674D5,0.014948712562419308
CC_E38E3835121E,0.07686305947762109
CC_E3A70438A0C1,0.21615942058946078
CC_E3B5C76189F3,0.18597172632493186
CC_E3B7B7E57889,0.19597813922131646
CC_E3CCC0D886D9,0.1457809090211853
CC_E3DD8AD10171,0.26498632012172835
CC_E3E230CF20A1,0.18558794476035118
CC_E3E4B2543CCB,0.12313249822772104
CC_E3E5DF01E014,0.25711192365196045
CC_E3EB157288A2,0.12128092699010054
CC_E3FBDA203EDF,0.12094980173481697
CC_E404FCA6CB2B,0.6219128358082927
CC_E4054F9C8442,0.28255113058383086
CC_E405D808772F,0.11750316622386331
CC_E4137B250609,0.3507253643441936
CC_E41482A7E968,0.09994780144195682
CC_E421FA1874F4,0.12803396805529482
CC_E42C38BBBD04,0.1483912052316095
CC_E42D90BFB285,0.08101264240251241
CC_E42EFC05C891,0.10587248989626682
CC_E430F3C75969,0.08330590809942366
CC_E4576D6B6478,0.14165987579843053
CC_E46B27A13728,0.35032348996760043
CC_E4783FB590D4,0.1390263261208419
CC_E489009C6500,0.13521307647491798
CC_E493CB46177D,0.1268431667670965
CC_E496AFA9B40A,0.18113084635278864
CC_E4A2FFE0EE1F,0.15690295756123193
CC_E4C553538385,0.36437923387343574
CC_E4C7B5501ED1,0.09035336458478303
CC_E4C8A5A60F51,0.13915079463602562
CC_E4C94AB69214,0.5461237257870171
CC_E4D75244E8B8,0.11947440811720167
CC_E4D9A8EEDBAE,0.11401226757505324
CC_E4DF787730AA,0.13643313834975002
CC_E4E0DC070132,0.11613153706021925
CC_E4E3C08B7F86,0.07498035556168664
CC_E4FEEB4389C9,0.4139765566179865
CC_E50598344DD9,0.5682535998901811
CC_E50C634A9A18,0.04923154645354849
CC_E5107337FDD7,0.022958310475991256
CC_E511BFCFEC9E,0.5943620941024803
CC_E51318749E09,0.08874759168863607
CC_E53FE6708AD9,0.62034238765824
CC_E54290FEA34D,0.14279606930374217
CC_E54B723C018B,0.0019557466741862706
CC_E554618F383B,0.20396217395188437
CC_E557336955A2,0.12793889045549323
CC_E55B48E73651,0.08223321365391265
CC_E55D8DC645B9,0.09021929649885112
CC_E575DA02C575,0.22996722650827514
CC_E576BD98A727,0.2312094862109118
CC_E578DC77656B,0.20053141964736104
CC_E57F3EAFD9A3,0.09632461203249454
CC_E59A01603B7D,0.28654545633208717
CC_E59B2D974CB3,0.15545581089519273
CC_E5A1C44F0F07,0.6289436051338363
CC_E5A8BDF6BFC1,0.15623368490833126
CC_E5B284DA0E5D,0.13227497925288798
CC_E5B8363BB378,0.5700196712185656
CC_E5D8BFFA5F88,0.0
CC_E5DA04902EFD,0.11882308462010543
CC_E5F53CFC20EC,0.10361676658733968
CC_E5FAECE63C59,0.6492003019984699
CC_E5FB6E872C58,0.008319200842046626
CC_E6045565E7ED,0.146505132027547
CC_E60845ADC7F1,0.13591793469488078
CC_E61567D6B392,0.15438761266340478
CC_E62174AFA94C,0.15396279974013932
CC_E6247DD14641,0.12455173251084672
CC_E6289A61F0ED,0.12468269308097779
CC_E62E32FB6FBB,0.024801011710323617
CC_E62F6BE942DC,0.30245840230087023
CC_E63E49B128AE,0.09344289993617341
CC_E63F89885A3E,0.7916670589839945
CC_E6466E6A92CB,0.28043447427219226
CC_E64BC95F8B2A,0.7866809275643442
CC_E64C652BBAB2,0.07645263094582949
CC_E659DB355476,0.08368886067303831
CC_E65C8BA5A7CE,0.12186169578574133
CC_E65F39446752,0.2941372126616148
CC_E67395791589,0.14475447895175847
CC_E67622A69EEF,0.10741095360736963
CC_E680830CAEF3,0.1323908324489022
CC_E6823643AC4C,0.7482244299904807
CC_E683F33931BB,0.1498604793397786
CC_E68841DEB163,0.07846102408525799
CC_E68B2C33D180,0.12302110975777661
CC_E68EE6EC2618,0.07497365514184481
CC_E69508D3D3F1,0.27923156549765593
CC_E698F1348426,0.20907911815911673
CC_E6A178F3709D,0.1222959414907217
CC_E6A4B6E8619C,0.6004475310313547
CC_E6B3887C66BB,0.1685826168360875
CC_E6B6BBBDBEDB,0.16647005896849504
CC_E6DBD0F9DC3B,0.11998578268199431
CC_E6F090F70DDD,0.23416504794233078
CC_E6F2D8CB45C6,0.1469114954498101
CC_E6F8FBEDA2A7,0.10551833363159127
CC_E70854CDFE9C,0.06920489912316188
CC_E71C05F07F85,0.10302786211595973
CC_E72797CABC60,0.09066385387012622
CC_E727C1153226,0.11485805976995794
CC_E73489D828C7,0.12444556987965083
CC_E7355465CE6A,0.0
CC_E73CDBC743FF,0.146017794940917
CC_E74F00E75A4F,0.09341075694740636
CC_E751F7E19192,0.1351628597064875
CC_E7522AD6431A,0.5864851008895529
CC_E7523630D2D9,0.12093484476250216
CC_E767372DD95A,0.6044890229030543
CC_E76C5DFD3BA6,0.2608101027543866
CC_E77326438575,0.12206946139362532
CC_E77E29E11EB1,0.16510198665162443
CC_E78F20B3223F,0.7150288447208256
CC_E79A23E64518,0.12449029356772898
CC_E7AC69AEA182,0.7845842325987269
CC_E7B754CA9668,0.05646733878730048
CC_E7BA60365AE8,0.09869672270783338
CC_E7C95D4A741C,0.11908133498592702
CC_E7D3D728EC5B,0.27571342087994016
CC_E7E4D5F851D3,0.0906053996032175
CC_E7EA49D37B64,0.3166165370192545
CC_E7EF11A24F73,0.8384384421648623
CC_E7F6F9A7EC65,0.10038084754711413
CC_E7FBC7F69DBB,0.16620174149512912
CC_E80B1A55A74D,0.1443795432000473
CC_E824AB0AFDBB,0.18817879966156792
CC_E826DAC92D9D,0.2146311476399479
CC_E83AB7100D06,0.12190825697596634
CC_E83E6D31EC76,0.23900559830902995
CC_E86650461FBE,0.14584129554830963
CC_E868A3754B11,0.8075311590531854
CC_E86A993F7D05,0.14898952420278397
CC_E87992FBEE80,0.5561490362133286
CC_E87B909C4DDD,0.11251225320954497
CC_E8828BA7EE08,0.0911263980723376
CC_E886157F6FBD,0.3208512275686388
CC_E88711C5C98E,0.13480344532089736
CC_E887680BB6CC,0.13211566285245413
CC_E8909BF77D8D,0.09865184503222002
CC_E8A82DA3A246,0.2492016479231997
CC_E8AC7545DBD3,0.12701907345190147
CC_E8BA6B224C3E,0.09915655039367605
CC_E8C6CA45BF72,0.18315979516828274
CC_E8D2E3126A8F,0.6309009347727315
CC_E8E55DAC4FF9,0.08847109080348917
CC_E8EB77AF3F78,0.8238045839719441
CC_E8F2C6905503,0.12378571619356846
CC_E90831F897A9,0.1930106872353839
CC_E90B14D51185,0.4047373107922043
CC_E9188329C9E7,0.11233653015496245
CC_E91E1C0C0C61,0.7561340101005157
CC_E91E9D34C5F3,0.1767062621064031
CC_E91F555DBA96,0.12198307477176992
CC_E932CFF4B4A4,0.2578578511951086
CC_E93643CB34CA,0.21065918020968113
CC_E937CA493910,0.10406713988022584
CC_E9409A50B4BF,0.47199263433871363
CC_E96711AD5512,0.09032767367866021
CC_E96A3E6912B4,0.4990420518158804
CC_E98AEE74B9BC,0.13920439681612318
CC_E992FB78BC2D,0.30769898456194583
CC_E9A3AECEE3A9,0.11697467693047182
CC_E9BDA7766728,0.3075561435607156
CC_E9BF1AFE86C3,0.13861509598728294
CC_E9CA055AD1A3,0.1666136792212038
CC_E9CA0A56E917,0.1543349394380072
CC_E9D3453F53AC,0.5800797471273555
CC_E9D46EFFA839,0.18069282451872443
CC_E9ED872B6037,0.05938963127673094
CC_E9F40C1B559E,0.12747515014805116
CC_EA06928C0AA9,0.28822167006164323
CC_EA0A46F64C80,0.22849119938162882
CC_EA114B15FC04,0.6391522063843843
CC_EA1F3F67BA2E,0.06580669858970964
CC_EA21618614D1,0.8248637806689937
CC_EA26B5A89181,0.1692217035857381
CC_EA26C6C27662,0.12495965295713618
CC_EA3B5AC76649,0.1724529800357809
CC_EA4E669C8528,0.08406776589154916
CC_EA6917E7A5C2,0.7211911920352355
CC_EA8A25862433,0.11238485007960995
CC_EA901D7CA670,0.11937073140069503
CC_EAA2BCE323EE,0.812357552914639
CC_EAA6D5189190,0.12476223795019237
CC_EAAA8DD7FAAF,0.17453487277829322
CC_EAB7408CCE0E,0.2440553077068681
CC_EABEDB3C4827,0.10316420942390991
CC_EAC6D83D1BFC,0.0
CC_EAD7F3E9DAD1,0.1887356583552058
CC_EADC7D8196C2,0.26824607369926
CC_EAE608E24E29,0.06388625344666587
CC_EB05AD2C7C27,0.042208510276062344
CC_EB1DA337E2D1,0.14184764960301086
CC_EB1F425EC937,0.10595151402286127
CC_EB2FE764BF6D,0.11599822356983208
CC_EB55483587DE,0.1080239006514821
CC_EB569B3E2E12,0.5510127094105559
CC_EB57E6E6C96C,0.12861441591780798
CC_EB5A0FE0605C,0.22518806173359968
CC_EB64EC97D01D,0.09960390618921403
CC_EB691249B91A,0.17815367095067802
CC_EB7C50A7D4C1,0.5166787417302265
CC_EB7C52FDBEC3,0.20675343549479083
CC_EB86FED24535,0.1530781017657904
CC_EB89DECC2021,0.137742317484923
CC_EB999F9D6095,0.11143468823961589
CC_EBA2F85924CE,0.07413356906212824
CC_EBAC5A53FD11,0.05759302570456304
CC_EBB109EF7619,0.11919349204383084
CC_EBBD00C18763,0.008370215780946016
CC_EBCA68C7854D,0.20390472971248141
CC_EBCBDE122879,0.10397863731862189
CC_EBDF6C88BBA5,0.11411525284924023
CC_EBEDAC91ED43,0.11706952274294005
CC_EBEEC4183FDE,0.12225415234128165
CC_EBFD9D007253,0.44412370312379973
CC_EC1ABC58E09A,0.16946025662197356
CC_EC26EABA68DC,0.7673116925556227
CC_EC2A485A3E71,0.12019050198181172
CC_EC3B9E2FE47B,0.0702936491845523
CC_EC505F03EE5F,0.049856696254438226
CC_EC5317EC6706,0.11453460928660396
CC_EC5B7FBD1EA7,0.1363562968626752
CC_EC5C7471FFC5,0.16836864235060223
CC_EC5D92B3617B,0.13686709548993536
CC_EC5E214BFED0,0.7602793109486551
CC_EC6406527201,0.05268161149016065
CC_EC79022358C6,0.3602653800623625
CC_EC831A90189F,0.09404439098953266
CC_EC87C131FADC,0.0
CC_EC88785D6F39,0.2443402171838223
CC_EC9173F5284E,0.044928494755613724
CC_ECB7B3B6272E,0.1309543715118059
CC_ECBF4CED56D1,0.1488349314953047
CC_ECBF80B94EAE,0.7866887318983337
CC_ECC78B7AE3F1,0.6583320063117548
CC_ECC7E9E691F5,0.09249331583379389
CC_ECC9235F612E,0.1242823734712288
CC_ECCB0BD557DC,0.07697347271693539
CC_ECCCB1B4EA8F,0.1328823797401405
CC_ECDDF4983DD9,0.0848518682200466
CC_ECEE93C4F564,0.6222768387590201
CC_ED07BD8B2CB3,0.07638226119949522
CC_ED0F4A02A01C,0.1725433932478106
CC_ED11D72A1D3B,0.09058994525737518
CC_ED165FC5A06F,0.07003926157496342
CC_ED2B6A40ABC7,0.18273919342233935
CC_ED390F22A931,0.051547197680173074
CC_ED40E7CE5177,0.14692314212263752
CC_ED4E4B13DB1A,0.054965887363179755
CC_ED4F22572419,0.1530401973534228
CC_ED5AE5CB1DC5,0.04309256451578125
CC_ED6090A4E6E4,0.18766753890437118
CC_ED645D91E6A5,0.13611328175918314
CC_ED6B045B6075,0.178475102245554
CC_ED9313C71C57,0.11897113295967258
CC_ED9BCE7C776F,0.649423338745636
CC_ED9D4644716C,0.10904442136758696
CC_EDA794402358,0.24972087478498345
CC_EDAADACD4DED,0.1848305522141252
CC_EDBAD2E989FB,0.12430399505666041
CC_EDC98B474E76,0.283791196941098
CC_EDD1FD49A66A,0.7076850933157633
CC_EDD448008C0C,0.7353464237754822
CC_EDDA3B790095,0.10231435592057589
CC_EDF95BF0E3D6,0.1494269565739274
CC_EE03D7C2BC69,0.10605084824208635
CC_EE0D95184E81,0.04684587756551084
CC_EE0FF690C214,0.43714892979751463
CC_EE2412C352D5,0.12805963170334883
CC_EE2A010019CF,0.10072340810259398
CC_EE2AC730827E,0.0876471654854083
CC_EE3236E6A9FD,0.1236317766430701
CC_EE3759EA49FF,0.1703689646124571
CC_EE38C78AD88B,0.3800738943026637
CC_EE3CE0FD6B77,0.6661737043175078
CC_EE6B7E58FC63,0.08804178843842198
CC_EE6E02464067,0.25225381823945925
CC_EE6E1FA7A753,0.11333548897816209
CC_EE6FCE6C233A,0.2668729607495731
CC_EE88C07B9333,0.09549843037828558
CC_EE9004165810,0.11454344841864778
CC_EE9BD17AD343,0.1287183473680464
CC_EEA608D5A455,0.1321653338603534
CC_EEAFDB1BB486,0.4181260696658956
CC_EEB482736C41,0.18223606568383569
CC_EEBD9DA093E1,0.06142191215480759
CC_EEF23DDD2262,0.2464761766585674
CC_EEFBDC9AD94A,0.10245987950483343
CC_EF05000895F4,0.44581317868837567
CC_EF16B2CE0988,0.3214574192315054
CC_EF1DD3F0CBDF,0.10829209292705082
CC_EF2D82085BB9,0.12231659927083079
CC_EF2DBE79D656,0.2577560888220051
CC_EF3000C48A4C,0.11980354973726427
CC_EF359AF608EA,0.0
CC_EF362432D758,0.24506550064879914
CC_EF548B30F1B6,0.12681784254010972
CC_EF5B403DFD7E,0.1668140252234876
CC_EF66DA0DDF9C,0.23189387724313293
CC_EF70BA4AEEC4,0.20811380848143393
CC_EF83DD56FCC5,0.0857606485282069
CC_EF8B642A6F8D,0.14047438912762128
CC_EFA1EB27DA19,0.032074501750325085
CC_EFAE84EA9BDE,0.13562235249285892
CC_EFB26BEA106E,0.3162104294978737
CC_EFBB51CD8502,0.11220214666988079
CC_EFC18E9B3B55,0.07625803645036598
CC_EFC4B0020E2D,0.13428561949327852
CC_EFC9FA5108D9,0.12293246378960498
CC_EFE45D9B9D9C,0.12325567540891298
CC_EFF27FA98DF1,0.1298955910418102
CC_F000DA497736,0.14857925905148248
CC_F00107DE219E,0.7049569293965995
CC_F009FC54A64B,0.8320395507665893
CC_F01DF28C6BFF,0.12909832431704477
CC_F037C91F63BF,0.1442250810165111
CC_F03FADA95A03,0.8053403648498191
CC_F05235F3C894,0.11807569324725269
CC_F0649FEBFEB8,0.33179201965091215
CC_F066C78B5C0D,0.20268018207258243
CC_F07313626618,0.6135050896846992
CC_F0783F6A56F5,0.794673992963496
CC_F0791523691A,0.22463748642803189
CC_F080750455CE,0.13168220738775982
CC_F0809EBB0B51,0.007221323339616503
CC_F08259F86E23,0.16400773166445864
CC_F0929F859702,0.18907700405305444
CC_F0A7203CCA39,0.16037767588353957
CC_F0CD4DD9C63C,0.11765144726099686
CC_F0D29AD328E5,0.12738841178088398
CC_F0D339E5B80C,0.058149746269134966
CC_F0D3BC14FA77,0.12808233286162737
CC_F0E16D28D49D,0.12371863839660965
CC_F0EBE2C00A7B,0.0
CC_F0F137758DC2,0.07512400459076757
CC_F0F6BD40CA43,0.3203377322776716
CC_F0F6FCF6010F,0.20646827194319206
CC_F0FBC9D4ECA1,0.057901772578892785
CC_F0FEE924096C,0.22412398449858115
CC_F1074E035DE6,0.0810531665184825
CC_F108D26930FF,0.39666795476759803
CC_F10DB853B9DF,0.2599405237745152
CC_F10E06D52D76,0.13047098395342735
CC_F11F5F477B91,0.6318873907650209
CC_F14913B5BE1B,0.7521742843088065
CC_F156C1647E3D,0.12514946724513953
CC_F1598097E314,0.5998346334711755
CC_F1641E3AAB3C,0.08532184724525879
CC_F166878FB959,0.07461468594173194
CC_F17540FE7C9F,0.1588057261210054
CC_F175BB08B29E,0.1485242207358357
CC_F1782AF286D0,0.3496858644669451
CC_F1796AD4B774,0.6322502794916623
CC_F17B3A3A5E56,0.5447375509170371
CC_F1858D6F0080,0.15016850989031721
CC_F18689FA8E29,0.0988016393039861
CC_F18A82B0F153,0.12169101490115011
CC_F1AE7142A128,0.1697843953452248
CC_F1B43DD57C9C,0.13587796516734882
CC_F1BCB7676492,0.10954962998419145
CC_F1C8B8BB90AE,0.10909342425801495
CC_F1E044CD2D75,0.2742382390805349
CC_F1FCB96B5E14,0.25446152198929994
CC_F2067E92A939,0.22204183162674046
CC_F21512554CC9,0.08801772013658177
CC_F243956B7575,0.15937548755115916
CC_F24FBC9FD3F7,0.33104719082071365
CC_F252EB3F208B,0.09427767787020734
CC_F25D793346CA,0.27234649648939807
CC_F25EB1ED5AD9,0.09641122689722244
CC_F265A0AE845F,0.7003672489516168
CC_F274BB4AEBE0,0.09389373157923372
CC_F28BF2185131,0.0
CC_F29077E45AF0,0.24567556676983948
CC_F2988560CAB8,0.33764649602653724
CC_F2993AB36C56,0.12656602526268015
CC_F29D6C65779E,0.11721371668705541
CC_F2D2BADD0000,0.12134576936954733
CC_F2E4AEB73D57,0.1225446244273524
CC_F2E630BAF431,0.028572597000837807
CC_F2EFCB40AE74,0.1505485632126011
CC_F2F085891915,0.8434166552679673
CC_F3030E2C80A0,0.1758923501083282
CC_F3044C7C16BB,0.12091059962844461
CC_F30B21CB4603,0.15900723280054851
CC_F3140FCE870A,0.10239763616230194
CC_F32A84B321FC,0.14903474821230783
CC_F339FF584607,0.30699529441672674
CC_F33CEE0F6DBE,0.37548917034683016
CC_F33DAF3E9CF0,0.11720203576401755
CC_F34EC3FF202F,0.07794284155352854
CC_F35A6C383B39,0.153571017524143
CC_F360E0FF27CA,0.09397223282878063
CC_F36B7AEC0086,0.12461774836326242
CC_F370665BECB8,0.46712290242237403
CC_F373A60E53E8,0.0
CC_F373BDAE18B2,0.09884001181706256
CC_F3745BC63340,0.09719975966347667
CC_F37DC9169301,0.23799577325303428
CC_F394E57C5243,0.1229273434408496
CC_F39E98FD418D,0.09443568497918538
CC_F39F51452381,0.12117797775375405
CC_F3A52465664E,0.10868543168659876
CC_F3A8CF761A0F,0.15979308577780305
CC_F3BF1709E29A,0.25421567149124213
CC_F3BF72C29211,0.08954542834821044
CC_F3CF35465CF1,0.0748490080728844
CC_F3E2186DBD4F,0.14134530529263328
CC_F3F0F9B9B56E,0.12658670923711013
CC_F3F185395BE1,0.09793568109047313
CC_F3F68E6599E7,0.0021667862569856866
CC_F3F7763C9DFE,0.15776969191100704
CC_F3FFF13592CE,0.10221028212504785
CC_F410C3CE89E1,0.10101692698367763
CC_F410C8B811FE,0.1200741634335972
CC_F4132072D78E,0.07735057684474558
CC_F4157B8E5B32,0.5157788351002914
CC_F41CF067E828,0.12195440516391154
CC_F41DC456E539,0.062124309376266534
CC_F41EEF55A0EC,0.061990282740965866
CC_F426B5C1F07D,0.3106213014349858
CC_F437875F9000,0.27426790122183153
CC_F43C961F8A30,0.16897603848914072
CC_F43D9BF23472,0.07543414205513095
CC_F444BE033109,0.174631785512317
CC_F4481124F17A,0.13040955712685426
CC_F44EAAF80F70,0.17027426229759038
CC_F4521F6D3492,0.4242707021949115
CC_F46BD9AB1B68,0.15291434758888334
CC_F4763AA0B824,0.7237939988750383
CC_F47976F33E20,0.0900144905494836
CC_F47E588D4470,0.14403946973973275
CC_F4A2777912C2,0.23705720208782705
CC_F4A6C2B23685,0.05402692444121818
CC_F4B3EAEEEA8B,0.10967964305217331
CC_F4C6CD1E720C,0.0977530438486735
CC_F4D05DA98C83,0.10108975075392383
CC_F4D15889CDE0,0.11520415577081757
CC_F4DEC1E6173D,0.07814936073688217
CC_F4EFAD6AF8BD,0.24387110026648123
CC_F4F7835A1FA2,0.20194043142543552
CC_F500597795FB,0.1293288721991498
CC_F5197FA9580F,0.6716100199011775
CC_F5240F59146F,0.11039884227651094
CC_F534A0B87C3B,0.09416843437672141
CC_F536972BFE98,0.13616723955466398
CC_F54FDFE5A5C8,0.10739024550028352
CC_F55727F65F86,0.16468446150062424
CC_F558EBDCDD6D,0.11485897031258241
CC_F56D569AC51F,0.13147802929689933
CC_F5714D180EE1,0.08662736672610824
CC_F576ED9554AD,0.3425728504674963
CC_F57C2559358E,0.11960716821575224
CC_F5AA72FC0972,0.034237854117600774
CC_F5AE7DEA2B48,0.1259201907787638
CC_F5C6A5E9D495,0.1388099317528956
CC_F5E0731F2181,0.12818393819191126
CC_F5F4F3B03FE8,0.7121139866249698
CC_F604D7B9CBD9,0.15806617277441415
CC_F60F13391D61,0.15390229388296633
CC_F618D72DF162,0.12885778884312277
CC_F620B15ACC5D,0.10370021408726882
CC_F62D426D6614,0.20328125229288785
CC_F634999D5C1D,0.07740278113059845
CC_F636E5BAEE47,0.2609760512723279
CC_F6461B692240,0.6096609313510231
CC_F65BAD63AED0,0.09265770917237036
CC_F65DD2AC57E8,0.1633875346439735
CC_F66C6577674C,0.09626491231102777
CC_F670896FE959,0.15605081548722147
CC_F67376F272EA,0.7851002318026198
CC_F67FFE9E884E,0.21042732283463397
CC_F683C99F06C1,0.0575209603142966
CC_F68523E2CE7A,0.7748198996016746
CC_F68E62F9AA0F,0.0
CC_F69604E05962,0.1390541194721973
CC_F6B8913740B3,0.10854187699199422
CC_F6BB4952DD35,0.129464072529821
CC_F6C0B7AC57B5,0.6621424504926895
CC_F6D2B06E6E8B,0.7600788955465313
CC_F6EB30A84C9F,0.16254206157666906
CC_F70345A4792A,0.18192073151294885
CC_F7068C1F77B3,0.2675983912624243
CC_F70B0EA8C0E7,0.08761788023453596
CC_F71CC97FCE83,0.13406346908709055
CC_F722224A84F4,0.6466565405506539
CC_F72D1046063A,0.3213821427031288
CC_F72DAB32A281,0.09321898619344518
CC_F733AA5C0ED9,0.12176108991642168
CC_F74043C1BBEB,0.15540762746087822
CC_F74A31E36137,0.0
CC_F756B167634F,0.24246258766996343
CC_F75CBE8E1B92,0.5370414902333609
CC_F761F7EEAD39,0.10288712545018366
CC_F79303D62FCD,0.11496184558767686
CC_F795134B52E6,0.6087182974817753
CC_F79533E83ECA,0.09665540471506168
CC_F79F9A7ED432,0.8409039743682999
CC_F7B2FC73E020,0.06896220704311191
CC_F7CF24594B20,0.07639568612783498
CC_F7D31937AA89,0.04130644457494964
CC_F7EFD378035D,0.27146057685360525
CC_F8014B1E00D6,0.0665657180190171
CC_F80ADE95A7C8,0.046336893818529734
CC_F82E58E476A9,0.142686657776207
CC_F82EB123CC19,0.1916458844328997
CC_F83088660331,0.02933828895958901
CC_F83C6DF6A815,0.5331400096431711
CC_F8620C4F7581,0.12083851022680944
CC_F869F4DA5077,0.8234080970044098
CC_F86B1C53EAF4,0.1125009523859187
CC_F87B7F26FF51,0.16379647510871057
CC_F8803D1C899B,0.10186379290606545
CC_F892E51AC9DD,0.0
CC_F89C185743F0,0.10859928713261167
CC_F8A4D45C3769,0.15573191534323672
CC_F8AD68EA5A16,0.27219443920111863
CC_F8B4DBD0CE8A,0.3395391676034521
CC_F8F3E551F166,0.172637948939527
CC_F8F9FE2C9B65,0.2168870846881979
CC_F912A50D0DD1,0.14103676603153514
CC_F91B7C2B1AFD,0.14546501995459765
CC_F925251D4BF0,0.38461044543643863
CC_F925ADD60E7B,0.05464209785432758
CC_F9282C144479,0.11920120198729933
CC_F92EE3287CC8,0.0791809852657978
CC_F93332608FE1,0.10866469576554638
CC_F94070DE3B81,0.03717127231592263
CC_F94C81428D20,0.20761069882797079
CC_F95DFFDA9B12,0.3679176569754025
CC_F96A53B02447,0.4770145735016692
CC_F96A965CDCB0,0.5916262364757645
CC_F9721FEDBE9E,0.15949093070628254
CC_F97C3E145882,0.1649967746092362
CC_F97C64C64052,0.1395409645052908
CC_F98660A07E6A,0.7750250550810814
CC_F98BA4B13724,0.06539742969367943
CC_F9A3F3A76B1A,0.11822587191685205
CC_F9A8E2B3A703,0.09499683875580628
CC_F9B3E7E7F2A9,0.14822948966812555
CC_F9D7D0B1E4A8,0.6148857599608453
CC_F9EDA4EDDD44,0.07790102976196552
CC_F9F2176B12FE,0.0775496148762986
CC_F9F90E76CA5B,0.10997475951070036
CC_FA0157249C01,0.09401223476524623
CC_FA169BCA835F,0.1170501340623304
CC_FA19B61BCABB,0.14123556172764318
CC_FA1DD203C293,0.1678632147261599
CC_FA2E30269BC1,0.14364300617964196
CC_FA304CE8E045,0.17410452000048376
CC_FA310759A257,0.6129031925920991
CC_FA32397E7B8C,0.09722812012653001
CC_FA33D97B84D4,0.12397056021932822
CC_FA38991B9434,0.0
CC_FA4079FFF1E5,0.18645128318810777
CC_FA716665CD8F,0.1579517768382369
CC_FA770268B207,0.15778846938856328
CC_FA7A2F59245B,0.2628721202057009
CC_FA8205104EBF,0.16415668821057425
CC_FA8370AF8740,0.036864185669556127
CC_FA858F1025FF,0.13725507819938781
CC_FA86320CF6B0,0.1401958435643879
CC_FA8B341CD3EA,0.28132766321395475
CC_FA9057AAF95B,0.19881934536440465
CC_FA97314C666C,0.0
CC_FA974C1D91AD,0.28161690487586566
CC_FAA0E5BC9F44,0.8110119758673208
CC_FAA2694D8578,0.3020837663396395
CC_FAAFFC74BC35,0.835810344996589
CC_FABA6DCF8E45,0.0
CC_FABC53294AC1,0.12228132161120445
CC_FAC52B8E66DA,0.1293049726081646
CC_FAD284D8DAC8,0.8085648044470064
CC_FAE70CA5999C,0.17686859564453278
CC_FAF1CCB40132,0.16030110243258028
CC_FAF93D8B3B59,0.10378047486435259
CC_FB09E5481B64,0.0895898667666196
CC_FB150A1F7C3B,0.1497649334873427
CC_FB1808471515,0.32268132168530866
CC_FB296D823CF6,0.12421135751605107
CC_FB301E1FA7FF,0.05484742282755248
CC_FB33C958A19E,0.39580919972839523
CC_FB40D63FC3D3,0.1391435717270751
CC_FB45A1837AD7,0.09613465346194788
CC_FB45B79CED15,0.12212582026445874
CC_FB52260232E3,0.06914097360018785
CC_FB6A0A7B8813,0.2780980602986548
CC_FB6ED10D82D2,0.09148770646071558
CC_FB78DE84AF05,0.08421798815408063
CC_FB8DF8F93E7F,0.18645320353460254
CC_FB8F89048B89,0.1461018169850711
CC_FB9C3E77A49E,0.11952786844687895
CC_FBA40CEAEA18,0.09247309600253306
CC_FBA998938FE5,0.11441310728313238
CC_FBADBAFCD1B3,0.21120306837028718
CC_FBCB85E21ADD,0.14688876205205437
CC_FBCD00EE4402,0.24147208927956
CC_FBD40DFBA5D5,0.2906038627588333
CC_FBDECF3DACAE,0.12045130842911675
CC_FBE4E2F652EB,0.2840828352460637
CC_FBEA9510C687,0.26441374514458216
CC_FBED1E2E1CC0,0.12810873452738153
CC_FBF54E48EB13,0.15316650587567238
CC_FC1E279EF320,0.13269554107144277
CC_FC2E1D460089,0.1716604186239843
CC_FC31CBD20CDF,0.0649409486205276
CC_FC41D8134A1C,0.10192347725583314
CC_FC44D7EF257E,0.07119158292887531
CC_FC4A649BDD07,0.1348845876887909
CC_FC51BCDBB6B2,0.1167732571036327
CC_FC57B6E79AAC,0.12229890941215205
CC_FC6AA879D9CF,0.08891419933439901
CC_FC7A926F3A64,0.6440972366439519
CC_FC83CB9C71CD,0.08134468394418806
CC_FC9E6D511294,0.21070559800135447
CC_FCA657E69930,0.3648970123382619
CC_FCB451237214,0.8085721815906771
CC_FCC7E51DF812,0.5168307805133616
CC_FCD42ECC012B,0.04408458016395808
CC_FCE8FAEAAEF1,0.1195864685597906
CC_FCFAE9BE2522,0.46755939108386635
CC_FCFDB5DFE5D4,0.10889915951838647
CC_FD24FC7961A5,0.07814571113185514
CC_FD2793DCB5EF,0.11080732730947908
CC_FD2EEF724088,0.20978445639614948
CC_FD3205367675,0.10983359590261423
CC_FD3A21CDCA7C,0.12446076872585177
CC_FD3C4C2FB68C,0.12450642565711709
CC_FD41687DC1A0,0.14935901209973895
CC_FD44B4E31EFE,0.11596742326139453
CC_FD5721556AB7,0.095771723534309
CC_FD643C174587,0.34395482180012316
CC_FD6BFA30DD9E,0.24429642243677982
CC_FD7C9DD7F11B,0.15597604938489057
CC_FD7F2D90CF8C,0.08645207721307019
CC_FD8C4F601909,0.07371907085746937
CC_FD90B45AA24E,0.08481510617324836
CC_FD95457772AB,0.09338066510637263
CC_FD9D9B58DB1A,0.12917393092544668
CC_FDA918AEB5D6,0.43072474862649124
CC_FDD4C2065540,0.30717226290602123
CC_FDE57A2C5156,0.23830404650247572
CC_FDE9920975F6,0.17599619094388552
CC_FDEC856F9C6D,0.10453204055300463
CC_FDEED2AA92A3,0.37609998960072893
CC_FDF5607ECC1B,0.06005368583060634
CC_FDFED3D7E70E,0.15986173776232138
CC_FE0324F99784,0.19185708595715892
CC_FE0A18D6570D,0.08183430316106102
CC_FE0DACAC84BC,0.15538647417202883
CC_FE16586C9FAB,0.22856558197387938
CC_FE16FBC86237,0.13472493345563163
CC_FE1C808C4515,0.08882069365670703
CC_FE1E64201B9F,0.1555882571777402
CC_FE33D60E29EB,0.0
CC_FE3ACE674BEA,0.1524915621597291
CC_FE468E9AA9D9,0.02338593285609461
CC_FE5AA923C220,0.22197619523042722
CC_FE6C777DDC19,0.08719772692299876
CC_FE6DD8C8EC90,0.20593931392793907
CC_FE7A84AAA8F7,0.05565682647242404
CC_FE7DB6B410A4,0.10881982756741997
CC_FE8691B1F3D9,0.1074774472087856
CC_FE874279A94B,0.12692245759146742
CC_FEA61499305D,0.1465219416997207
CC_FEC22B334AC5,0.1618764063150214
CC_FF045F9508F2,0.16047150752954878
CC_FF0EFF711598,0.3151180504341176
CC_FF12F53D5676,0.03377301807281308
CC_FF13D426EC1C,0.132660224545308
CC_FF16A7C8600F,0.15217779508798196
CC_FF2236DC115C,0.2988682594900729
CC_FF2725428B6F,0.05533137629962248
CC_FF3176D91690,0.13757011910035685
CC_FF393D295D66,0.09590672453216284
CC_FF4598202C5F,0.5857652791703651
CC_FF463A4B3D04,0.2632194616226501
CC_FF4703F7664E,0.0
CC_FF86EC3C0851,0.4428072751074529
CC_FF8A580DD831,0.2025059223842594
CC_FF8BD8697ADE,0.2335975511914998
CC_FFA681A2054A,0.08126194166701478
CC_FFB6B2D2BB2A,0.3168964380859434
CC_FFBFA27643F8,0.11991478179402737
CC_FFC81CC80F9D,0.14458975192682583
CC_FFCC9C0763D4,0.11793370370258252
CC_FFD4E33DC920,0.5131815257227231
CC_FFDE11143038,0.10738777025793349
CC_FFEF28047C4F,0.30545874354296176
